config,seed,dataset,truth_mu,raw_vertex,no_vertex,clipped_mu,monotonic,grid_min,grid_max,grid_label
perfect,0,simulated,0.4,0.5881599421552051,False,0.30605455130913906,True,0.3,2.3,"{0.3,1.3,2.3}"
perfect,1,simulated,0.4,0.5948887765604775,False,0.4237636517800692,True,0.3,2.3,"{0.3,1.3,2.3}"
perfect,2,simulated,0.4,0.5994412600237488,False,0.37140744892339095,True,0.3,2.3,"{0.3,1.3,2.3}"
perfect,3,simulated,0.4,0.5692971270461148,False,0.3,True,0.3,2.3,"{0.3,1.3,2.3}"
perfect,4,simulated,0.4,0.5605543428018022,False,0.3,True,0.3,2.3,"{0.3,1.3,2.3}"
perfect,5,simulated,0.4,0.5879171695681802,False,0.33488301111168695,True,0.3,2.3,"{0.3,1.3,2.3}"
perfect,6,simulated,0.4,0.5808788535667005,False,0.3768215091559224,True,0.3,2.3,"{0.3,1.3,2.3}"
perfect,7,simulated,0.4,0.5772939106811114,False,0.3655360905048179,True,0.3,2.3,"{0.3,1.3,2.3}"
perfect,0,simulated,0.8,0.7048508667310863,False,0.5575472918350741,True,0.3,2.3,"{0.3,1.3,2.3}"
perfect,1,simulated,0.8,0.7489218626304887,False,0.7079715567987915,True,0.3,2.3,"{0.3,1.3,2.3}"
perfect,2,simulated,0.8,0.7127235434077931,False,0.6206916124670989,True,0.3,2.3,"{0.3,1.3,2.3}"
perfect,3,simulated,0.8,0.7176273674658825,False,0.5444933438240869,True,0.3,2.3,"{0.3,1.3,2.3}"
perfect,4,simulated,0.8,0.7519458212860901,False,0.661604736111545,True,0.3,2.3,"{0.3,1.3,2.3}"
perfect,5,simulated,0.8,0.7371344337486369,False,0.6404037942506552,True,0.3,2.3,"{0.3,1.3,2.3}"
perfect,6,simulated,0.8,0.7527824418800071,False,0.6702700685787181,True,0.3,2.3,"{0.3,1.3,2.3}"
perfect,7,simulated,0.8,0.7105475599952005,False,0.6273808551874884,True,0.3,2.3,"{0.3,1.3,2.3}"
perfect,0,simulated,1.3,1.0770539446323668,False,1.3221564188711898,True,0.3,2.3,"{0.3,1.3,2.3}"
perfect,1,simulated,1.3,1.0564638755153921,False,1.2754202356334903,True,0.3,2.3,"{0.3,1.3,2.3}"
perfect,2,simulated,1.3,1.0630564675925136,False,1.332563198314676,True,0.3,2.3,"{0.3,1.3,2.3}"
perfect,3,simulated,1.3,1.0972333014406457,False,1.245917320729095,True,0.3,2.3,"{0.3,1.3,2.3}"
perfect,4,simulated,1.3,1.0321018718714388,False,1.2044915268441487,True,0.3,2.3,"{0.3,1.3,2.3}"
perfect,5,simulated,1.3,1.0672300815001259,False,1.3064050782750145,True,0.3,2.3,"{0.3,1.3,2.3}"
perfect,6,simulated,1.3,1.0600516361347214,False,1.1947949100538828,True,0.3,2.3,"{0.3,1.3,2.3}"
perfect,7,simulated,1.3,1.1225640399462398,False,1.3559019946873878,True,0.3,2.3,"{0.3,1.3,2.3}"
perfect,0,simulated,1.8,1.8306883160974528,False,1.9247476201925326,True,0.3,2.3,"{0.3,1.3,2.3}"
perfect,1,simulated,1.8,1.7666333291805354,False,1.866444185609084,True,0.3,2.3,"{0.3,1.3,2.3}"
perfect,2,simulated,1.8,1.8358632843661713,False,1.9369899450110062,True,0.3,2.3,"{0.3,1.3,2.3}"
perfect,3,simulated,1.8,1.9474953536241784,False,1.9996119366468743,True,0.3,2.3,"{0.3,1.3,2.3}"
perfect,4,simulated,1.8,1.757039208271562,False,1.8544429294794718,True,0.3,2.3,"{0.3,1.3,2.3}"
perfect,5,simulated,1.8,1.8027837072093973,False,1.8992507798074432,True,0.3,2.3,"{0.3,1.3,2.3}"
perfect,6,simulated,1.8,1.8117290834360291,False,1.8856206716667403,True,0.3,2.3,"{0.3,1.3,2.3}"
perfect,7,simulated,1.8,1.8905582467697566,False,1.971699221332834,True,0.3,2.3,"{0.3,1.3,2.3}"
perfect,0,simulated,1.5,1.4946522035706946,False,1.4878494784691876,True,1.0,3.0,"{1,2,3}"
perfect,1,simulated,1.5,1.476575646037265,False,1.4695166944349178,True,1.0,3.0,"{1,2,3}"
perfect,2,simulated,1.5,1.4965762680301677,False,1.5050026759262358,True,1.0,3.0,"{1,2,3}"
perfect,3,simulated,1.5,1.4839794115107678,False,1.4624444339392328,True,1.0,3.0,"{1,2,3}"
perfect,4,simulated,1.5,1.4796469557934502,False,1.4807044984208924,True,1.0,3.0,"{1,2,3}"
perfect,5,simulated,1.5,1.5047690840678227,False,1.5599736086178377,True,1.0,3.0,"{1,2,3}"
perfect,6,simulated,1.5,1.4814009811499633,False,1.4736039978922628,True,1.0,3.0,"{1,2,3}"
perfect,7,simulated,1.5,1.4976005913092605,False,1.5060728946735829,True,1.0,3.0,"{1,2,3}"
perfect,0,simulated,2.0,2.038849379469817,False,2.027354222375686,True,1.0,3.0,"{1,2,3}"
perfect,1,simulated,2.0,1.9816455325952846,False,1.967105577893721,True,1.0,3.0,"{1,2,3}"
perfect,2,simulated,2.0,1.9910898595427176,False,2.007895654748122,True,1.0,3.0,"{1,2,3}"
perfect,3,simulated,2.0,2.0327047591012266,False,2.0524442858884155,True,1.0,3.0,"{1,2,3}"
perfect,4,simulated,2.0,2.0182670577860535,False,2.02328687295859,True,1.0,3.0,"{1,2,3}"
perfect,5,simulated,2.0,1.9961614119539794,False,2.0890381976910506,True,1.0,3.0,"{1,2,3}"
perfect,6,simulated,2.0,2.0528425255634217,False,2.04054429561408,True,1.0,3.0,"{1,2,3}"
perfect,7,simulated,2.0,1.9821091046129635,False,1.998830801525041,True,1.0,3.0,"{1,2,3}"
perfect,0,simulated,2.5,2.502676549651232,False,2.5367939710005807,True,1.0,3.0,"{1,2,3}"
perfect,1,simulated,2.5,2.509222789273874,False,2.539707839751367,True,1.0,3.0,"{1,2,3}"
perfect,2,simulated,2.5,2.490323977713201,False,2.514829611518832,True,1.0,3.0,"{1,2,3}"
perfect,3,simulated,2.5,2.4669148180922935,False,2.548508894726627,True,1.0,3.0,"{1,2,3}"
perfect,4,simulated,2.5,2.5083530386366353,False,2.5808940545152557,True,1.0,3.0,"{1,2,3}"
perfect,5,simulated,2.5,2.5435950042014053,False,2.6034949940914087,True,1.0,3.0,"{1,2,3}"
perfect,6,simulated,2.5,2.48878732844086,False,2.5263977084081772,True,1.0,3.0,"{1,2,3}"
perfect,7,simulated,2.5,2.557071924879651,False,2.5978429250385098,True,1.0,3.0,"{1,2,3}"
perfect,0,simulated,2.8,2.808443639479855,False,2.8726300741748156,True,1.0,3.0,"{1,2,3}"
perfect,1,simulated,2.8,2.7822435731456423,False,2.8378764983072684,True,1.0,3.0,"{1,2,3}"
perfect,2,simulated,2.8,2.791947984297838,False,2.8211056562637746,True,1.0,3.0,"{1,2,3}"
perfect,3,simulated,2.8,2.7846812263929417,False,2.911542098982329,True,1.0,3.0,"{1,2,3}"
perfect,4,simulated,2.8,2.8306718927866306,False,2.9476201288118973,True,1.0,3.0,"{1,2,3}"
perfect,5,simulated,2.8,2.8186233303285815,False,2.8619559171740936,True,1.0,3.0,"{1,2,3}"
perfect,6,simulated,2.8,2.816353858034902,False,2.891465293271959,True,1.0,3.0,"{1,2,3}"
perfect,7,simulated,2.8,2.779371496589467,False,2.8294517956448124,True,1.0,3.0,"{1,2,3}"
perfect,0,simulated,0.4,1.3267155062797922,False,0.762318090809779,True,0.0,3.0,"{0,1,3}"
perfect,1,simulated,0.4,1.4346558694103428,False,0.8481808372077904,True,0.0,3.0,"{0,1,3}"
perfect,2,simulated,0.4,0.9694452768046433,False,0.5758424984282579,True,0.0,3.0,"{0,1,3}"
perfect,3,simulated,0.4,1.1889118014327469,False,0.7821859770634326,True,0.0,3.0,"{0,1,3}"
perfect,4,simulated,0.4,1.182266072424347,False,0.6816278436557832,True,0.0,3.0,"{0,1,3}"
perfect,5,simulated,0.4,1.3267365272673073,False,0.7187039827747707,True,0.0,3.0,"{0,1,3}"
perfect,6,simulated,0.4,1.185483543260372,False,0.8601385880753498,True,0.0,3.0,"{0,1,3}"
perfect,7,simulated,0.4,1.3284802561508235,False,0.8721199717083747,True,0.0,3.0,"{0,1,3}"
perfect,0,simulated,2.5,2.2176408289297083,False,2.929440401466591,True,0.0,3.0,"{0,1,3}"
perfect,1,simulated,2.5,2.2541229818305673,False,3.0,True,0.0,3.0,"{0,1,3}"
perfect,2,simulated,2.5,2.1085835995342284,False,2.427098069455525,True,0.0,3.0,"{0,1,3}"
perfect,3,simulated,2.5,2.1340099436784645,False,2.7787269914558435,True,0.0,3.0,"{0,1,3}"
perfect,4,simulated,2.5,2.1994269691491986,False,2.9319776905239694,True,0.0,3.0,"{0,1,3}"
perfect,5,simulated,2.5,2.272455428382644,False,2.969334372528084,True,0.0,3.0,"{0,1,3}"
perfect,6,simulated,2.5,2.20862964666654,False,3.0,True,0.0,3.0,"{0,1,3}"
perfect,7,simulated,2.5,2.224277461245282,False,1.9705211191991991,True,0.0,3.0,"{0,1,3}"
perfect,0,simulated,0.4,1.1643479624417705,False,0.8276565192143645,True,0.0,2.0,"{0,1,2}"
perfect,1,simulated,0.4,1.2269838144637284,False,0.886639244077986,True,0.0,2.0,"{0,1,2}"
perfect,2,simulated,0.4,0.9261701574058812,False,0.6731221534466367,True,0.0,2.0,"{0,1,2}"
perfect,3,simulated,0.4,1.0715528783883572,False,0.8262414867079294,True,0.0,2.0,"{0,1,2}"
perfect,4,simulated,0.4,1.0698479874153028,False,0.7640610117055507,True,0.0,2.0,"{0,1,2}"
perfect,5,simulated,0.4,1.161924162107048,False,0.8040106615611718,True,0.0,2.0,"{0,1,2}"
perfect,6,simulated,0.4,1.074031889656242,False,0.8673861513747224,True,0.0,2.0,"{0,1,2}"
perfect,7,simulated,0.4,1.1622985457545911,False,0.891848369430062,True,0.0,2.0,"{0,1,2}"
perfect,0,simulated,2.5,1.8382288377379952,False,2.0,True,0.0,2.0,"{0,1,2}"
perfect,1,simulated,2.5,1.9027602115540923,False,2.0,True,0.0,2.0,"{0,1,2}"
perfect,2,simulated,2.5,1.6578594583539306,False,2.0,True,0.0,2.0,"{0,1,2}"
perfect,3,simulated,2.5,1.704583042823551,False,2.0,True,0.0,2.0,"{0,1,2}"
perfect,4,simulated,2.5,1.803391541641446,False,2.0,True,0.0,2.0,"{0,1,2}"
perfect,5,simulated,2.5,1.9186511539364763,False,2.0,True,0.0,2.0,"{0,1,2}"
perfect,6,simulated,2.5,1.8280353770371722,False,2.0,True,0.0,2.0,"{0,1,2}"
perfect,7,simulated,2.5,1.8276952520647765,False,2.0,True,0.0,2.0,"{0,1,2}"
perfect,0,simulated,2.5,8.424759543887339,False,2.3,True,0.3,2.3,"{0.3,1.3,2.3}"
perfect,1,simulated,2.5,10.094542433776393,False,2.3,True,0.3,2.3,"{0.3,1.3,2.3}"
perfect,2,simulated,2.5,7.5878399159140315,False,2.3,True,0.3,2.3,"{0.3,1.3,2.3}"
perfect,3,simulated,2.5,6.150829974550409,False,2.3,True,0.3,2.3,"{0.3,1.3,2.3}"
perfect,4,simulated,2.5,9.558576931169153,False,2.3,True,0.3,2.3,"{0.3,1.3,2.3}"
perfect,5,simulated,2.5,8.402384500885184,False,2.3,True,0.3,2.3,"{0.3,1.3,2.3}"
perfect,6,simulated,2.5,7.563757933357992,False,2.3,True,0.3,2.3,"{0.3,1.3,2.3}"
perfect,7,simulated,2.5,10.59897601279529,False,2.3,True,0.3,2.3,"{0.3,1.3,2.3}"
perfect,0,simulated,0.4,0.6640251680027747,False,0.5,True,0.5,2.5,"{0.5,1.5,2.5}"
perfect,1,simulated,0.4,0.6653022417137542,False,0.5327421145731734,True,0.5,2.5,"{0.5,1.5,2.5}"
perfect,2,simulated,0.4,0.6792326262201249,False,0.5,True,0.5,2.5,"{0.5,1.5,2.5}"
perfect,3,simulated,0.4,0.6279909968962808,False,0.5,True,0.5,2.5,"{0.5,1.5,2.5}"
perfect,4,simulated,0.4,0.6319344066530371,False,0.5029971603047989,True,0.5,2.5,"{0.5,1.5,2.5}"
perfect,5,simulated,0.4,0.6543781781034674,False,0.5,True,0.5,2.5,"{0.5,1.5,2.5}"
perfect,6,simulated,0.4,0.6530270434720914,False,0.5293606908422576,True,0.5,2.5,"{0.5,1.5,2.5}"
perfect,7,simulated,0.4,0.6434971999649979,False,0.5,True,0.5,2.5,"{0.5,1.5,2.5}"
perfect,0,simulated,2.5,2.8732008235293924,False,2.5,True,0.5,2.5,"{0.5,1.5,2.5}"
perfect,1,simulated,2.5,2.9035355806953578,False,2.5,True,0.5,2.5,"{0.5,1.5,2.5}"
perfect,2,simulated,2.5,2.8425318710551357,False,2.5,True,0.5,2.5,"{0.5,1.5,2.5}"
perfect,3,simulated,2.5,2.7728256843187493,False,2.5,True,0.5,2.5,"{0.5,1.5,2.5}"
perfect,4,simulated,2.5,2.896545551478086,False,2.5,True,0.5,2.5,"{0.5,1.5,2.5}"
perfect,5,simulated,2.5,2.9322335828591353,False,2.5,True,0.5,2.5,"{0.5,1.5,2.5}"
perfect,6,simulated,2.5,2.838100442378688,False,2.5,True,0.5,2.5,"{0.5,1.5,2.5}"
perfect,7,simulated,2.5,2.9821833573190397,False,2.5,True,0.5,2.5,"{0.5,1.5,2.5}"
perfect,0,simulated,0.4,0.6829263117490245,False,1.0,True,1.0,3.0,"{1,2,3}"
perfect,1,simulated,0.4,0.6811820621377386,False,1.0,True,1.0,3.0,"{1,2,3}"
perfect,2,simulated,0.4,0.7068141632954541,False,1.0,True,1.0,3.0,"{1,2,3}"
perfect,3,simulated,0.4,0.6237185860870054,False,1.0,True,1.0,3.0,"{1,2,3}"
perfect,4,simulated,0.4,0.6493679074853893,False,1.0,True,1.0,3.0,"{1,2,3}"
perfect,5,simulated,0.4,0.6588921994995738,False,1.0,True,1.0,3.0,"{1,2,3}"
perfect,6,simulated,0.4,0.6684125297877099,False,1.0,True,1.0,3.0,"{1,2,3}"
perfect,7,simulated,0.4,0.652018181306684,False,1.0,True,1.0,3.0,"{1,2,3}"
