grid,head,seed,dataset,truth_mu,recovered_mu,monotonic,loss,nats,accuracy
L,linear,0,simulated,0.4,0.3,False,1.1002218076738262,-0.0016095190057163755,0.3408216623091142
L,linear,0,simulated,0.4,0.3,False,1.1002218076738262,-0.0016095190057163755,0.3408216623091142
L,linear,0,simulated,0.4,0.3,False,1.1002218076738262,-0.0016095190057163755,0.3408216623091142
L,linear,0,simulated,0.8,0.3,False,1.1002218076738262,-0.0016095190057163755,0.3408216623091142
L,linear,0,simulated,0.8,0.3,False,1.1002218076738262,-0.0016095190057163755,0.3408216623091142
L,linear,0,simulated,0.8,0.3,False,1.1002218076738262,-0.0016095190057163755,0.3408216623091142
L,linear,0,simulated,1.3,0.3,False,1.1002218076738262,-0.0016095190057163755,0.3408216623091142
L,linear,0,simulated,1.3,0.3,False,1.1002218076738262,-0.0016095190057163755,0.3408216623091142
L,linear,0,simulated,1.3,0.3,False,1.1002218076738262,-0.0016095190057163755,0.3408216623091142
L,linear,0,simulated,1.8,0.3,False,1.1002218076738262,-0.0016095190057163755,0.3408216623091142
L,linear,0,simulated,1.8,0.3,False,1.1002218076738262,-0.0016095190057163755,0.3408216623091142
L,linear,0,simulated,1.8,0.3,False,1.1002218076738262,-0.0016095190057163755,0.3408216623091142
L,linear,0,observed,0.4,0.3,False,1.1002218076738262,-0.0016095190057163755,0.3408216623091142
L,linear,1,simulated,0.4,0.3,True,1.102015887276601,-0.003403598608491265,0.3378885092908924
L,linear,1,simulated,0.4,0.3,True,1.102015887276601,-0.003403598608491265,0.3378885092908924
L,linear,1,simulated,0.4,0.3,True,1.102015887276601,-0.003403598608491265,0.3378885092908924
L,linear,1,simulated,0.8,0.8120143057155098,True,1.102015887276601,-0.003403598608491265,0.3378885092908924
L,linear,1,simulated,0.8,0.6334430968233637,True,1.102015887276601,-0.003403598608491265,0.3378885092908924
L,linear,1,simulated,0.8,0.8016988286777553,True,1.102015887276601,-0.003403598608491265,0.3378885092908924
L,linear,1,simulated,1.3,1.4312959456071401,True,1.102015887276601,-0.003403598608491265,0.3378885092908924
L,linear,1,simulated,1.3,1.404169086378597,True,1.102015887276601,-0.003403598608491265,0.3378885092908924
L,linear,1,simulated,1.3,1.3300328449982808,True,1.102015887276601,-0.003403598608491265,0.3378885092908924
L,linear,1,simulated,1.8,2.002260039821963,True,1.102015887276601,-0.003403598608491265,0.3378885092908924
L,linear,1,simulated,1.8,1.817623364151818,True,1.102015887276601,-0.003403598608491265,0.3378885092908924
L,linear,1,simulated,1.8,1.820075025268139,True,1.102015887276601,-0.003403598608491265,0.3378885092908924
L,linear,1,observed,0.4,0.3,True,1.102015887276601,-0.003403598608491265,0.3378885092908924
L,linear,2,simulated,0.4,0.3,False,1.1013846356989974,-0.0027723470308875786,0.34321172746959855
L,linear,2,simulated,0.4,0.3,False,1.1013846356989974,-0.0027723470308875786,0.34321172746959855
L,linear,2,simulated,0.4,0.3,False,1.1013846356989974,-0.0027723470308875786,0.34321172746959855
L,linear,2,simulated,0.8,0.3,False,1.1013846356989974,-0.0027723470308875786,0.34321172746959855
L,linear,2,simulated,0.8,0.3,False,1.1013846356989974,-0.0027723470308875786,0.34321172746959855
L,linear,2,simulated,0.8,0.3,False,1.1013846356989974,-0.0027723470308875786,0.34321172746959855
L,linear,2,simulated,1.3,0.3,False,1.1013846356989974,-0.0027723470308875786,0.34321172746959855
L,linear,2,simulated,1.3,0.3,False,1.1013846356989974,-0.0027723470308875786,0.34321172746959855
L,linear,2,simulated,1.3,0.3,False,1.1013846356989974,-0.0027723470308875786,0.34321172746959855
L,linear,2,simulated,1.8,0.3,False,1.1013846356989974,-0.0027723470308875786,0.34321172746959855
L,linear,2,simulated,1.8,0.3,False,1.1013846356989974,-0.0027723470308875786,0.34321172746959855
L,linear,2,simulated,1.8,0.3,False,1.1013846356989974,-0.0027723470308875786,0.34321172746959855
L,linear,2,observed,0.4,0.3,False,1.1013846356989974,-0.0027723470308875786,0.34321172746959855
L,linear,3,simulated,0.4,0.3099263182245021,True,1.1000115709789728,-0.0013992823108630592,0.3379089758112881
L,linear,3,simulated,0.4,0.3914698259916679,True,1.1000115709789728,-0.0013992823108630592,0.3379089758112881
L,linear,3,simulated,0.4,0.41666471065232796,True,1.1000115709789728,-0.0013992823108630592,0.3379089758112881
L,linear,3,simulated,0.8,0.5833686015960899,True,1.1000115709789728,-0.0013992823108630592,0.3379089758112881
L,linear,3,simulated,0.8,0.6153799851799072,True,1.1000115709789728,-0.0013992823108630592,0.3379089758112881
L,linear,3,simulated,0.8,0.5568974828510769,True,1.1000115709789728,-0.0013992823108630592,0.3379089758112881
L,linear,3,simulated,1.3,1.3534930100936844,True,1.1000115709789728,-0.0013992823108630592,0.3379089758112881
L,linear,3,simulated,1.3,1.3886852351760215,True,1.1000115709789728,-0.0013992823108630592,0.3379089758112881
L,linear,3,simulated,1.3,1.337095181187313,True,1.1000115709789728,-0.0013992823108630592,0.3379089758112881
L,linear,3,simulated,1.8,1.7634433366460507,True,1.1000115709789728,-0.0013992823108630592,0.3379089758112881
L,linear,3,simulated,1.8,1.7697601665533695,True,1.1000115709789728,-0.0013992823108630592,0.3379089758112881
L,linear,3,simulated,1.8,1.7735303368960276,True,1.1000115709789728,-0.0013992823108630592,0.3379089758112881
L,linear,3,observed,0.4,0.769602485690926,True,1.1000115709789728,-0.0013992823108630592,0.3379089758112881
L,linear,4,simulated,0.4,2.3,False,1.0999668967925895,-0.0013546081244797392,0.3414951462788138
L,linear,4,simulated,0.4,2.3,False,1.0999668967925895,-0.0013546081244797392,0.3414951462788138
L,linear,4,simulated,0.4,2.3,False,1.0999668967925895,-0.0013546081244797392,0.3414951462788138
L,linear,4,simulated,0.8,2.3,False,1.0999668967925895,-0.0013546081244797392,0.3414951462788138
L,linear,4,simulated,0.8,2.3,False,1.0999668967925895,-0.0013546081244797392,0.3414951462788138
L,linear,4,simulated,0.8,2.3,False,1.0999668967925895,-0.0013546081244797392,0.3414951462788138
L,linear,4,simulated,1.3,2.3,False,1.0999668967925895,-0.0013546081244797392,0.3414951462788138
L,linear,4,simulated,1.3,2.3,False,1.0999668967925895,-0.0013546081244797392,0.3414951462788138
L,linear,4,simulated,1.3,2.3,False,1.0999668967925895,-0.0013546081244797392,0.3414951462788138
L,linear,4,simulated,1.8,2.3,False,1.0999668967925895,-0.0013546081244797392,0.3414951462788138
L,linear,4,simulated,1.8,2.3,False,1.0999668967925895,-0.0013546081244797392,0.3414951462788138
L,linear,4,simulated,1.8,2.3,False,1.0999668967925895,-0.0013546081244797392,0.3414951462788138
L,linear,4,observed,0.4,2.3,False,1.0999668967925895,-0.0013546081244797392,0.3414951462788138
L,linear,5,simulated,0.4,2.3,False,1.0996787588475114,-0.0010664701794016462,0.3389700742318831
L,linear,5,simulated,0.4,2.3,False,1.0996787588475114,-0.0010664701794016462,0.3389700742318831
L,linear,5,simulated,0.4,2.3,False,1.0996787588475114,-0.0010664701794016462,0.3389700742318831
L,linear,5,simulated,0.8,2.3,False,1.0996787588475114,-0.0010664701794016462,0.3389700742318831
L,linear,5,simulated,0.8,2.3,False,1.0996787588475114,-0.0010664701794016462,0.3389700742318831
L,linear,5,simulated,0.8,2.3,False,1.0996787588475114,-0.0010664701794016462,0.3389700742318831
L,linear,5,simulated,1.3,2.3,False,1.0996787588475114,-0.0010664701794016462,0.3389700742318831
L,linear,5,simulated,1.3,2.3,False,1.0996787588475114,-0.0010664701794016462,0.3389700742318831
L,linear,5,simulated,1.3,2.3,False,1.0996787588475114,-0.0010664701794016462,0.3389700742318831
L,linear,5,simulated,1.8,2.3,False,1.0996787588475114,-0.0010664701794016462,0.3389700742318831
L,linear,5,simulated,1.8,2.3,False,1.0996787588475114,-0.0010664701794016462,0.3389700742318831
L,linear,5,simulated,1.8,2.3,False,1.0996787588475114,-0.0010664701794016462,0.3389700742318831
L,linear,5,observed,0.4,2.3,False,1.0996787588475114,-0.0010664701794016462,0.3389700742318831
L,linear,6,simulated,0.4,0.3,False,1.100982101286872,-0.002369812618762124,0.34534469558270364
L,linear,6,simulated,0.4,0.3,False,1.100982101286872,-0.002369812618762124,0.34534469558270364
L,linear,6,simulated,0.4,0.3,False,1.100982101286872,-0.002369812618762124,0.34534469558270364
L,linear,6,simulated,0.8,0.3,False,1.100982101286872,-0.002369812618762124,0.34534469558270364
L,linear,6,simulated,0.8,0.3,False,1.100982101286872,-0.002369812618762124,0.34534469558270364
L,linear,6,simulated,0.8,0.3,False,1.100982101286872,-0.002369812618762124,0.34534469558270364
L,linear,6,simulated,1.3,0.3,False,1.100982101286872,-0.002369812618762124,0.34534469558270364
L,linear,6,simulated,1.3,0.3,False,1.100982101286872,-0.002369812618762124,0.34534469558270364
L,linear,6,simulated,1.3,0.3,False,1.100982101286872,-0.002369812618762124,0.34534469558270364
L,linear,6,simulated,1.8,0.3,False,1.100982101286872,-0.002369812618762124,0.34534469558270364
L,linear,6,simulated,1.8,0.3,False,1.100982101286872,-0.002369812618762124,0.34534469558270364
L,linear,6,simulated,1.8,0.3,False,1.100982101286872,-0.002369812618762124,0.34534469558270364
L,linear,6,observed,0.4,0.3,False,1.100982101286872,-0.002369812618762124,0.34534469558270364
L,linear,7,simulated,0.4,0.3,False,1.1009622711246296,-0.00234998245651985,0.34340878828229027
L,linear,7,simulated,0.4,0.3,False,1.1009622711246296,-0.00234998245651985,0.34340878828229027
L,linear,7,simulated,0.4,0.3,False,1.1009622711246296,-0.00234998245651985,0.34340878828229027
L,linear,7,simulated,0.8,0.3,False,1.1009622711246296,-0.00234998245651985,0.34340878828229027
L,linear,7,simulated,0.8,0.3,False,1.1009622711246296,-0.00234998245651985,0.34340878828229027
L,linear,7,simulated,0.8,0.3,False,1.1009622711246296,-0.00234998245651985,0.34340878828229027
L,linear,7,simulated,1.3,0.3,False,1.1009622711246296,-0.00234998245651985,0.34340878828229027
L,linear,7,simulated,1.3,0.3,False,1.1009622711246296,-0.00234998245651985,0.34340878828229027
L,linear,7,simulated,1.3,0.3,False,1.1009622711246296,-0.00234998245651985,0.34340878828229027
L,linear,7,simulated,1.8,2.3,False,1.1009622711246296,-0.00234998245651985,0.34340878828229027
L,linear,7,simulated,1.8,2.3,False,1.1009622711246296,-0.00234998245651985,0.34340878828229027
L,linear,7,simulated,1.8,2.3,False,1.1009622711246296,-0.00234998245651985,0.34340878828229027
L,linear,7,observed,0.4,0.3,False,1.1009622711246296,-0.00234998245651985,0.34340878828229027
L,tiny,0,simulated,0.4,0.3,False,1.0947828181719377,0.003829470496172105,0.3428033772419191
L,tiny,0,simulated,0.4,0.3,False,1.0947828181719377,0.003829470496172105,0.3428033772419191
L,tiny,0,simulated,0.4,0.3,False,1.0947828181719377,0.003829470496172105,0.3428033772419191
L,tiny,0,simulated,0.8,0.3,False,1.0947828181719377,0.003829470496172105,0.3428033772419191
L,tiny,0,simulated,0.8,0.3,False,1.0947828181719377,0.003829470496172105,0.3428033772419191
L,tiny,0,simulated,0.8,0.3,False,1.0947828181719377,0.003829470496172105,0.3428033772419191
L,tiny,0,simulated,1.3,0.3,False,1.0947828181719377,0.003829470496172105,0.3428033772419191
L,tiny,0,simulated,1.3,0.3,False,1.0947828181719377,0.003829470496172105,0.3428033772419191
L,tiny,0,simulated,1.3,0.3,False,1.0947828181719377,0.003829470496172105,0.3428033772419191
L,tiny,0,simulated,1.8,0.3,False,1.0947828181719377,0.003829470496172105,0.3428033772419191
L,tiny,0,simulated,1.8,0.3,False,1.0947828181719377,0.003829470496172105,0.3428033772419191
L,tiny,0,simulated,1.8,0.3,False,1.0947828181719377,0.003829470496172105,0.3428033772419191
L,tiny,0,observed,0.4,0.3,False,1.0947828181719377,0.003829470496172105,0.3428033772419191
L,tiny,1,simulated,0.4,2.3,False,1.0944282654988564,0.00418402316925337,0.33850512457295223
L,tiny,1,simulated,0.4,2.3,False,1.0944282654988564,0.00418402316925337,0.33850512457295223
L,tiny,1,simulated,0.4,0.3,False,1.0944282654988564,0.00418402316925337,0.33850512457295223
L,tiny,1,simulated,0.8,2.3,False,1.0944282654988564,0.00418402316925337,0.33850512457295223
L,tiny,1,simulated,0.8,2.3,False,1.0944282654988564,0.00418402316925337,0.33850512457295223
L,tiny,1,simulated,0.8,2.3,False,1.0944282654988564,0.00418402316925337,0.33850512457295223
L,tiny,1,simulated,1.3,2.3,False,1.0944282654988564,0.00418402316925337,0.33850512457295223
L,tiny,1,simulated,1.3,2.3,False,1.0944282654988564,0.00418402316925337,0.33850512457295223
L,tiny,1,simulated,1.3,2.3,False,1.0944282654988564,0.00418402316925337,0.33850512457295223
L,tiny,1,simulated,1.8,2.3,False,1.0944282654988564,0.00418402316925337,0.33850512457295223
L,tiny,1,simulated,1.8,2.3,False,1.0944282654988564,0.00418402316925337,0.33850512457295223
L,tiny,1,simulated,1.8,2.3,False,1.0944282654988564,0.00418402316925337,0.33850512457295223
L,tiny,1,observed,0.4,0.3,False,1.0944282654988564,0.00418402316925337,0.33850512457295223
L,tiny,2,simulated,0.4,0.3,False,1.0945675251847606,0.004044763483349145,0.3437114775945361
L,tiny,2,simulated,0.4,0.3,False,1.0945675251847606,0.004044763483349145,0.3437114775945361
L,tiny,2,simulated,0.4,0.3,False,1.0945675251847606,0.004044763483349145,0.3437114775945361
L,tiny,2,simulated,0.8,0.3,False,1.0945675251847606,0.004044763483349145,0.3437114775945361
L,tiny,2,simulated,0.8,0.3,False,1.0945675251847606,0.004044763483349145,0.3437114775945361
L,tiny,2,simulated,0.8,0.3,False,1.0945675251847606,0.004044763483349145,0.3437114775945361
L,tiny,2,simulated,1.3,0.3,False,1.0945675251847606,0.004044763483349145,0.3437114775945361
L,tiny,2,simulated,1.3,0.3,False,1.0945675251847606,0.004044763483349145,0.3437114775945361
L,tiny,2,simulated,1.3,0.3,False,1.0945675251847606,0.004044763483349145,0.3437114775945361
L,tiny,2,simulated,1.8,0.3,False,1.0945675251847606,0.004044763483349145,0.3437114775945361
L,tiny,2,simulated,1.8,0.3,False,1.0945675251847606,0.004044763483349145,0.3437114775945361
L,tiny,2,simulated,1.8,0.3,False,1.0945675251847606,0.004044763483349145,0.3437114775945361
L,tiny,2,observed,0.4,0.3,False,1.0945675251847606,0.004044763483349145,0.3437114775945361
L,tiny,3,simulated,0.4,0.3,False,1.0935508012771606,0.005061487390949138,0.3419071100153262
L,tiny,3,simulated,0.4,0.3,False,1.0935508012771606,0.005061487390949138,0.3419071100153262
L,tiny,3,simulated,0.4,0.3,False,1.0935508012771606,0.005061487390949138,0.3419071100153262
L,tiny,3,simulated,0.8,0.3,False,1.0935508012771606,0.005061487390949138,0.3419071100153262
L,tiny,3,simulated,0.8,0.3,False,1.0935508012771606,0.005061487390949138,0.3419071100153262
L,tiny,3,simulated,0.8,0.3,False,1.0935508012771606,0.005061487390949138,0.3419071100153262
L,tiny,3,simulated,1.3,2.3,False,1.0935508012771606,0.005061487390949138,0.3419071100153262
L,tiny,3,simulated,1.3,2.3,False,1.0935508012771606,0.005061487390949138,0.3419071100153262
L,tiny,3,simulated,1.3,2.3,False,1.0935508012771606,0.005061487390949138,0.3419071100153262
L,tiny,3,simulated,1.8,2.3,False,1.0935508012771606,0.005061487390949138,0.3419071100153262
L,tiny,3,simulated,1.8,2.3,False,1.0935508012771606,0.005061487390949138,0.3419071100153262
L,tiny,3,simulated,1.8,2.3,False,1.0935508012771606,0.005061487390949138,0.3419071100153262
L,tiny,3,observed,0.4,0.3,False,1.0935508012771606,0.005061487390949138,0.3419071100153262
L,tiny,4,simulated,0.4,0.3,True,1.09356959088374,0.005042697784369832,0.3406611735664009
L,tiny,4,simulated,0.4,0.4197372337368561,True,1.09356959088374,0.005042697784369832,0.3406611735664009
L,tiny,4,simulated,0.4,0.7782011200964218,True,1.09356959088374,0.005042697784369832,0.3406611735664009
L,tiny,4,simulated,0.8,0.38110714337918433,True,1.09356959088374,0.005042697784369832,0.3406611735664009
L,tiny,4,simulated,0.8,0.5067021608612763,True,1.09356959088374,0.005042697784369832,0.3406611735664009
L,tiny,4,simulated,0.8,0.3,True,1.09356959088374,0.005042697784369832,0.3406611735664009
L,tiny,4,simulated,1.3,1.39217854252641,True,1.09356959088374,0.005042697784369832,0.3406611735664009
L,tiny,4,simulated,1.3,1.366106583944591,True,1.09356959088374,0.005042697784369832,0.3406611735664009
L,tiny,4,simulated,1.3,1.4292890365385678,True,1.09356959088374,0.005042697784369832,0.3406611735664009
L,tiny,4,simulated,1.8,1.7827133474436667,True,1.09356959088374,0.005042697784369832,0.3406611735664009
L,tiny,4,simulated,1.8,1.815299001447808,True,1.09356959088374,0.005042697784369832,0.3406611735664009
L,tiny,4,simulated,1.8,1.8134604386556057,True,1.09356959088374,0.005042697784369832,0.3406611735664009
L,tiny,4,observed,0.4,0.3,True,1.09356959088374,0.005042697784369832,0.3406611735664009
L,tiny,5,simulated,0.4,2.3,False,1.0950824638544503,0.003529824813659488,0.33945274791118807
L,tiny,5,simulated,0.4,2.3,False,1.0950824638544503,0.003529824813659488,0.33945274791118807
L,tiny,5,simulated,0.4,2.3,False,1.0950824638544503,0.003529824813659488,0.33945274791118807
L,tiny,5,simulated,0.8,2.3,False,1.0950824638544503,0.003529824813659488,0.33945274791118807
L,tiny,5,simulated,0.8,2.3,False,1.0950824638544503,0.003529824813659488,0.33945274791118807
L,tiny,5,simulated,0.8,2.3,False,1.0950824638544503,0.003529824813659488,0.33945274791118807
L,tiny,5,simulated,1.3,2.3,False,1.0950824638544503,0.003529824813659488,0.33945274791118807
L,tiny,5,simulated,1.3,2.3,False,1.0950824638544503,0.003529824813659488,0.33945274791118807
L,tiny,5,simulated,1.3,2.3,False,1.0950824638544503,0.003529824813659488,0.33945274791118807
L,tiny,5,simulated,1.8,2.3,False,1.0950824638544503,0.003529824813659488,0.33945274791118807
L,tiny,5,simulated,1.8,2.3,False,1.0950824638544503,0.003529824813659488,0.33945274791118807
L,tiny,5,simulated,1.8,2.3,False,1.0950824638544503,0.003529824813659488,0.33945274791118807
L,tiny,5,observed,0.4,0.3,False,1.0950824638544503,0.003529824813659488,0.33945274791118807
L,tiny,6,simulated,0.4,0.5476262319385654,True,1.0944097779564939,0.0042025107116159255,0.33853733231250627
L,tiny,6,simulated,0.4,0.31747382648390704,True,1.0944097779564939,0.0042025107116159255,0.33853733231250627
L,tiny,6,simulated,0.4,0.4104995925216026,True,1.0944097779564939,0.0042025107116159255,0.33853733231250627
L,tiny,6,simulated,0.8,0.6459199682541905,True,1.0944097779564939,0.0042025107116159255,0.33853733231250627
L,tiny,6,simulated,0.8,0.7194875942970194,True,1.0944097779564939,0.0042025107116159255,0.33853733231250627
L,tiny,6,simulated,0.8,0.6210163411267635,True,1.0944097779564939,0.0042025107116159255,0.33853733231250627
L,tiny,6,simulated,1.3,1.3494545819900245,True,1.0944097779564939,0.0042025107116159255,0.33853733231250627
L,tiny,6,simulated,1.3,1.3284129064423247,True,1.0944097779564939,0.0042025107116159255,0.33853733231250627
L,tiny,6,simulated,1.3,1.3139173281851646,True,1.0944097779564939,0.0042025107116159255,0.33853733231250627
L,tiny,6,simulated,1.8,1.8323563602664301,True,1.0944097779564939,0.0042025107116159255,0.33853733231250627
L,tiny,6,simulated,1.8,1.8008248208190165,True,1.0944097779564939,0.0042025107116159255,0.33853733231250627
L,tiny,6,simulated,1.8,1.852392886798036,True,1.0944097779564939,0.0042025107116159255,0.33853733231250627
L,tiny,6,observed,0.4,0.3,True,1.0944097779564939,0.0042025107116159255,0.33853733231250627
L,tiny,7,simulated,0.4,0.3,False,1.093938176914797,0.004674111753312893,0.34192743009320903
L,tiny,7,simulated,0.4,0.3,False,1.093938176914797,0.004674111753312893,0.34192743009320903
L,tiny,7,simulated,0.4,0.3,False,1.093938176914797,0.004674111753312893,0.34192743009320903
L,tiny,7,simulated,0.8,2.3,False,1.093938176914797,0.004674111753312893,0.34192743009320903
L,tiny,7,simulated,0.8,2.3,False,1.093938176914797,0.004674111753312893,0.34192743009320903
L,tiny,7,simulated,0.8,0.3,False,1.093938176914797,0.004674111753312893,0.34192743009320903
L,tiny,7,simulated,1.3,2.3,False,1.093938176914797,0.004674111753312893,0.34192743009320903
L,tiny,7,simulated,1.3,2.3,False,1.093938176914797,0.004674111753312893,0.34192743009320903
L,tiny,7,simulated,1.3,2.3,False,1.093938176914797,0.004674111753312893,0.34192743009320903
L,tiny,7,simulated,1.8,2.3,False,1.093938176914797,0.004674111753312893,0.34192743009320903
L,tiny,7,simulated,1.8,2.3,False,1.093938176914797,0.004674111753312893,0.34192743009320903
L,tiny,7,simulated,1.8,2.3,False,1.093938176914797,0.004674111753312893,0.34192743009320903
L,tiny,7,observed,0.4,0.3,False,1.093938176914797,0.004674111753312893,0.34192743009320903
L,small,0,simulated,0.4,0.3,False,1.0941711088358346,0.0044411798322752105,0.3460673783077154
L,small,0,simulated,0.4,0.3,False,1.0941711088358346,0.0044411798322752105,0.3460673783077154
L,small,0,simulated,0.4,0.3,False,1.0941711088358346,0.0044411798322752105,0.3460673783077154
L,small,0,simulated,0.8,0.3,False,1.0941711088358346,0.0044411798322752105,0.3460673783077154
L,small,0,simulated,0.8,0.3,False,1.0941711088358346,0.0044411798322752105,0.3460673783077154
L,small,0,simulated,0.8,0.3,False,1.0941711088358346,0.0044411798322752105,0.3460673783077154
L,small,0,simulated,1.3,0.3,False,1.0941711088358346,0.0044411798322752105,0.3460673783077154
L,small,0,simulated,1.3,0.3,False,1.0941711088358346,0.0044411798322752105,0.3460673783077154
L,small,0,simulated,1.3,0.3,False,1.0941711088358346,0.0044411798322752105,0.3460673783077154
L,small,0,simulated,1.8,0.3,False,1.0941711088358346,0.0044411798322752105,0.3460673783077154
L,small,0,simulated,1.8,0.3,False,1.0941711088358346,0.0044411798322752105,0.3460673783077154
L,small,0,simulated,1.8,0.3,False,1.0941711088358346,0.0044411798322752105,0.3460673783077154
L,small,0,observed,0.4,0.3,False,1.0941711088358346,0.0044411798322752105,0.3460673783077154
L,small,1,simulated,0.4,0.3,False,1.092603129855657,0.006009158812452675,0.3374385467877677
L,small,1,simulated,0.4,0.3,False,1.092603129855657,0.006009158812452675,0.3374385467877677
L,small,1,simulated,0.4,0.3,False,1.092603129855657,0.006009158812452675,0.3374385467877677
L,small,1,simulated,0.8,0.3,False,1.092603129855657,0.006009158812452675,0.3374385467877677
L,small,1,simulated,0.8,0.3,False,1.092603129855657,0.006009158812452675,0.3374385467877677
L,small,1,simulated,0.8,0.3,False,1.092603129855657,0.006009158812452675,0.3374385467877677
L,small,1,simulated,1.3,2.3,False,1.092603129855657,0.006009158812452675,0.3374385467877677
L,small,1,simulated,1.3,2.3,False,1.092603129855657,0.006009158812452675,0.3374385467877677
L,small,1,simulated,1.3,2.3,False,1.092603129855657,0.006009158812452675,0.3374385467877677
L,small,1,simulated,1.8,2.3,False,1.092603129855657,0.006009158812452675,0.3374385467877677
L,small,1,simulated,1.8,2.3,False,1.092603129855657,0.006009158812452675,0.3374385467877677
L,small,1,simulated,1.8,2.3,False,1.092603129855657,0.006009158812452675,0.3374385467877677
L,small,1,observed,0.4,0.3,False,1.092603129855657,0.006009158812452675,0.3374385467877677
L,small,2,simulated,0.4,0.37443375124269396,True,1.0926686868829243,0.005943601785185493,0.3434449441945694
L,small,2,simulated,0.4,0.4927928458679577,True,1.0926686868829243,0.005943601785185493,0.3434449441945694
L,small,2,simulated,0.4,0.5617947425299119,True,1.0926686868829243,0.005943601785185493,0.3434449441945694
L,small,2,simulated,0.8,0.7046770126746504,True,1.0926686868829243,0.005943601785185493,0.3434449441945694
L,small,2,simulated,0.8,0.7518173007982507,True,1.0926686868829243,0.005943601785185493,0.3434449441945694
L,small,2,simulated,0.8,0.6858898452557171,True,1.0926686868829243,0.005943601785185493,0.3434449441945694
L,small,2,simulated,1.3,1.318372325137396,True,1.0926686868829243,0.005943601785185493,0.3434449441945694
L,small,2,simulated,1.3,1.355703644972318,True,1.0926686868829243,0.005943601785185493,0.3434449441945694
L,small,2,simulated,1.3,1.3692832537723258,True,1.0926686868829243,0.005943601785185493,0.3434449441945694
L,small,2,simulated,1.8,1.9803014146530793,True,1.0926686868829243,0.005943601785185493,0.3434449441945694
L,small,2,simulated,1.8,1.9216302100728435,True,1.0926686868829243,0.005943601785185493,0.3434449441945694
L,small,2,simulated,1.8,1.824188638099701,True,1.0926686868829243,0.005943601785185493,0.3434449441945694
L,small,2,observed,0.4,0.3,True,1.0926686868829243,0.005943601785185493,0.3434449441945694
L,small,3,simulated,0.4,0.3,False,1.0932804073317577,0.005331881336352096,0.34352302258945827
L,small,3,simulated,0.4,0.3,False,1.0932804073317577,0.005331881336352096,0.34352302258945827
L,small,3,simulated,0.4,0.3,False,1.0932804073317577,0.005331881336352096,0.34352302258945827
L,small,3,simulated,0.8,0.3,False,1.0932804073317577,0.005331881336352096,0.34352302258945827
L,small,3,simulated,0.8,0.3,False,1.0932804073317577,0.005331881336352096,0.34352302258945827
L,small,3,simulated,0.8,0.3,False,1.0932804073317577,0.005331881336352096,0.34352302258945827
L,small,3,simulated,1.3,2.3,False,1.0932804073317577,0.005331881336352096,0.34352302258945827
L,small,3,simulated,1.3,0.3,False,1.0932804073317577,0.005331881336352096,0.34352302258945827
L,small,3,simulated,1.3,0.3,False,1.0932804073317577,0.005331881336352096,0.34352302258945827
L,small,3,simulated,1.8,2.3,False,1.0932804073317577,0.005331881336352096,0.34352302258945827
L,small,3,simulated,1.8,2.3,False,1.0932804073317577,0.005331881336352096,0.34352302258945827
L,small,3,simulated,1.8,2.3,False,1.0932804073317577,0.005331881336352096,0.34352302258945827
L,small,3,observed,0.4,0.3,False,1.0932804073317577,0.005331881336352096,0.34352302258945827
L,small,4,simulated,0.4,0.3,True,1.0931604494482785,0.005451839219831278,0.3409113653801248
L,small,4,simulated,0.4,0.3,True,1.0931604494482785,0.005451839219831278,0.3409113653801248
L,small,4,simulated,0.4,0.3,True,1.0931604494482785,0.005451839219831278,0.3409113653801248
L,small,4,simulated,0.8,0.3,True,1.0931604494482785,0.005451839219831278,0.3409113653801248
L,small,4,simulated,0.8,0.3,True,1.0931604494482785,0.005451839219831278,0.3409113653801248
L,small,4,simulated,0.8,0.3,True,1.0931604494482785,0.005451839219831278,0.3409113653801248
L,small,4,simulated,1.3,0.5671041209267859,True,1.0931604494482785,0.005451839219831278,0.3409113653801248
L,small,4,simulated,1.3,0.8702950752798357,True,1.0931604494482785,0.005451839219831278,0.3409113653801248
L,small,4,simulated,1.3,1.3083559856480065,True,1.0931604494482785,0.005451839219831278,0.3409113653801248
L,small,4,simulated,1.8,1.7013815407025523,True,1.0931604494482785,0.005451839219831278,0.3409113653801248
L,small,4,simulated,1.8,1.7864466053574333,True,1.0931604494482785,0.005451839219831278,0.3409113653801248
L,small,4,simulated,1.8,1.737281292315851,True,1.0931604494482785,0.005451839219831278,0.3409113653801248
L,small,4,observed,0.4,0.3,True,1.0931604494482785,0.005451839219831278,0.3409113653801248
L,small,5,simulated,0.4,0.3,False,1.0927897035065344,0.005822585161575411,0.34001864119037317
L,small,5,simulated,0.4,0.3,False,1.0927897035065344,0.005822585161575411,0.34001864119037317
L,small,5,simulated,0.4,0.3,False,1.0927897035065344,0.005822585161575411,0.34001864119037317
L,small,5,simulated,0.8,0.3,False,1.0927897035065344,0.005822585161575411,0.34001864119037317
L,small,5,simulated,0.8,0.3,False,1.0927897035065344,0.005822585161575411,0.34001864119037317
L,small,5,simulated,0.8,0.3,False,1.0927897035065344,0.005822585161575411,0.34001864119037317
L,small,5,simulated,1.3,0.3,False,1.0927897035065344,0.005822585161575411,0.34001864119037317
L,small,5,simulated,1.3,0.3,False,1.0927897035065344,0.005822585161575411,0.34001864119037317
L,small,5,simulated,1.3,0.3,False,1.0927897035065344,0.005822585161575411,0.34001864119037317
L,small,5,simulated,1.8,0.3,False,1.0927897035065344,0.005822585161575411,0.34001864119037317
L,small,5,simulated,1.8,0.3,False,1.0927897035065344,0.005822585161575411,0.34001864119037317
L,small,5,simulated,1.8,0.3,False,1.0927897035065344,0.005822585161575411,0.34001864119037317
L,small,5,observed,0.4,0.3,False,1.0927897035065344,0.005822585161575411,0.34001864119037317
L,small,6,simulated,0.4,0.5738982373467585,True,1.0948859655250938,0.0037263231430160193,0.34189940414766484
L,small,6,simulated,0.4,0.43337174999977757,True,1.0948859655250938,0.0037263231430160193,0.34189940414766484
L,small,6,simulated,0.4,0.4684095632078194,True,1.0948859655250938,0.0037263231430160193,0.34189940414766484
L,small,6,simulated,0.8,0.7691673380726946,True,1.0948859655250938,0.0037263231430160193,0.34189940414766484
L,small,6,simulated,0.8,0.69044251501579,True,1.0948859655250938,0.0037263231430160193,0.34189940414766484
L,small,6,simulated,0.8,0.6444494448106592,True,1.0948859655250938,0.0037263231430160193,0.34189940414766484
L,small,6,simulated,1.3,1.3996004796731971,True,1.0948859655250938,0.0037263231430160193,0.34189940414766484
L,small,6,simulated,1.3,1.3612505056597535,True,1.0948859655250938,0.0037263231430160193,0.34189940414766484
L,small,6,simulated,1.3,1.3568114642757376,True,1.0948859655250938,0.0037263231430160193,0.34189940414766484
L,small,6,simulated,1.8,1.8251677191051656,True,1.0948859655250938,0.0037263231430160193,0.34189940414766484
L,small,6,simulated,1.8,1.8182039930829588,True,1.0948859655250938,0.0037263231430160193,0.34189940414766484
L,small,6,simulated,1.8,1.786885119510393,True,1.0948859655250938,0.0037263231430160193,0.34189940414766484
L,small,6,observed,0.4,0.3,True,1.0948859655250938,0.0037263231430160193,0.34189940414766484
L,small,7,simulated,0.4,0.3,False,1.0928588479252186,0.0057534407428911916,0.3409953395472703
L,small,7,simulated,0.4,0.3,False,1.0928588479252186,0.0057534407428911916,0.3409953395472703
L,small,7,simulated,0.4,0.3,False,1.0928588479252186,0.0057534407428911916,0.3409953395472703
L,small,7,simulated,0.8,0.3,False,1.0928588479252186,0.0057534407428911916,0.3409953395472703
L,small,7,simulated,0.8,0.3,False,1.0928588479252186,0.0057534407428911916,0.3409953395472703
L,small,7,simulated,0.8,0.3,False,1.0928588479252186,0.0057534407428911916,0.3409953395472703
L,small,7,simulated,1.3,0.3,False,1.0928588479252186,0.0057534407428911916,0.3409953395472703
L,small,7,simulated,1.3,0.3,False,1.0928588479252186,0.0057534407428911916,0.3409953395472703
L,small,7,simulated,1.3,0.3,False,1.0928588479252186,0.0057534407428911916,0.3409953395472703
L,small,7,simulated,1.8,0.3,False,1.0928588479252186,0.0057534407428911916,0.3409953395472703
L,small,7,simulated,1.8,0.3,False,1.0928588479252186,0.0057534407428911916,0.3409953395472703
L,small,7,simulated,1.8,0.3,False,1.0928588479252186,0.0057534407428911916,0.3409953395472703
L,small,7,observed,0.4,0.3,False,1.0928588479252186,0.0057534407428911916,0.3409953395472703
L,full,0,simulated,0.4,0.3,False,0.9511170841879764,0.14749520448013342,0.33587570151043317
L,full,0,simulated,0.4,0.3,False,0.9511170841879764,0.14749520448013342,0.33587570151043317
L,full,0,simulated,0.4,0.3,False,0.9511170841879764,0.14749520448013342,0.33587570151043317
L,full,0,simulated,0.8,0.3,False,0.9511170841879764,0.14749520448013342,0.33587570151043317
L,full,0,simulated,0.8,0.3,False,0.9511170841879764,0.14749520448013342,0.33587570151043317
L,full,0,simulated,0.8,0.3,False,0.9511170841879764,0.14749520448013342,0.33587570151043317
L,full,0,simulated,1.3,0.3,False,0.9511170841879764,0.14749520448013342,0.33587570151043317
L,full,0,simulated,1.3,0.3,False,0.9511170841879764,0.14749520448013342,0.33587570151043317
L,full,0,simulated,1.3,0.3,False,0.9511170841879764,0.14749520448013342,0.33587570151043317
L,full,0,simulated,1.8,0.3,False,0.9511170841879764,0.14749520448013342,0.33587570151043317
L,full,0,simulated,1.8,0.3,False,0.9511170841879764,0.14749520448013342,0.33587570151043317
L,full,0,simulated,1.8,0.3,False,0.9511170841879764,0.14749520448013342,0.33587570151043317
L,full,0,observed,0.4,0.3,False,0.9511170841879764,0.14749520448013342,0.33587570151043317
L,full,1,simulated,0.4,2.3,False,0.9080543159428289,0.19055797272528086,0.3368219315057079
L,full,1,simulated,0.4,2.3,False,0.9080543159428289,0.19055797272528086,0.3368219315057079
L,full,1,simulated,0.4,0.3,False,0.9080543159428289,0.19055797272528086,0.3368219315057079
L,full,1,simulated,0.8,2.3,False,0.9080543159428289,0.19055797272528086,0.3368219315057079
L,full,1,simulated,0.8,2.3,False,0.9080543159428289,0.19055797272528086,0.3368219315057079
L,full,1,simulated,0.8,2.3,False,0.9080543159428289,0.19055797272528086,0.3368219315057079
L,full,1,simulated,1.3,2.3,False,0.9080543159428289,0.19055797272528086,0.3368219315057079
L,full,1,simulated,1.3,2.3,False,0.9080543159428289,0.19055797272528086,0.3368219315057079
L,full,1,simulated,1.3,2.3,False,0.9080543159428289,0.19055797272528086,0.3368219315057079
L,full,1,simulated,1.8,2.3,False,0.9080543159428289,0.19055797272528086,0.3368219315057079
L,full,1,simulated,1.8,2.3,False,0.9080543159428289,0.19055797272528086,0.3368219315057079
L,full,1,simulated,1.8,2.3,False,0.9080543159428289,0.19055797272528086,0.3368219315057079
L,full,1,observed,0.4,2.3,False,0.9080543159428289,0.19055797272528086,0.3368219315057079
L,full,2,simulated,0.4,0.3,True,0.9216621386802802,0.17695014998782954,0.3336165250707979
L,full,2,simulated,0.4,0.3,True,0.9216621386802802,0.17695014998782954,0.3336165250707979
L,full,2,simulated,0.4,0.3,True,0.9216621386802802,0.17695014998782954,0.3336165250707979
L,full,2,simulated,0.8,1.4321059563002776,True,0.9216621386802802,0.17695014998782954,0.3336165250707979
L,full,2,simulated,0.8,1.3657696966063881,True,0.9216621386802802,0.17695014998782954,0.3336165250707979
L,full,2,simulated,0.8,1.3074073162138786,True,0.9216621386802802,0.17695014998782954,0.3336165250707979
L,full,2,simulated,1.3,1.6432978377512744,True,0.9216621386802802,0.17695014998782954,0.3336165250707979
L,full,2,simulated,1.3,1.725921963067973,True,0.9216621386802802,0.17695014998782954,0.3336165250707979
L,full,2,simulated,1.3,1.5392873480771223,True,0.9216621386802802,0.17695014998782954,0.3336165250707979
L,full,2,simulated,1.8,1.9815944857486598,True,0.9216621386802802,0.17695014998782954,0.3336165250707979
L,full,2,simulated,1.8,2.075694521634242,True,0.9216621386802802,0.17695014998782954,0.3336165250707979
L,full,2,simulated,1.8,1.9320708767521384,True,0.9216621386802802,0.17695014998782954,0.3336165250707979
L,full,2,observed,0.4,0.3,True,0.9216621386802802,0.17695014998782954,0.3336165250707979
L,full,3,simulated,0.4,0.3,False,0.9325602196030698,0.16605206906504,0.3377757046711535
L,full,3,simulated,0.4,0.3,False,0.9325602196030698,0.16605206906504,0.3377757046711535
L,full,3,simulated,0.4,0.3,False,0.9325602196030698,0.16605206906504,0.3377757046711535
L,full,3,simulated,0.8,0.3,False,0.9325602196030698,0.16605206906504,0.3377757046711535
L,full,3,simulated,0.8,0.3,False,0.9325602196030698,0.16605206906504,0.3377757046711535
L,full,3,simulated,0.8,0.3,False,0.9325602196030698,0.16605206906504,0.3377757046711535
L,full,3,simulated,1.3,0.3,False,0.9325602196030698,0.16605206906504,0.3377757046711535
L,full,3,simulated,1.3,0.3,False,0.9325602196030698,0.16605206906504,0.3377757046711535
L,full,3,simulated,1.3,0.3,False,0.9325602196030698,0.16605206906504,0.3377757046711535
L,full,3,simulated,1.8,0.3,False,0.9325602196030698,0.16605206906504,0.3377757046711535
L,full,3,simulated,1.8,0.3,False,0.9325602196030698,0.16605206906504,0.3377757046711535
L,full,3,simulated,1.8,0.3,False,0.9325602196030698,0.16605206906504,0.3377757046711535
L,full,3,observed,0.4,0.3,False,0.9325602196030698,0.16605206906504,0.3377757046711535
L,full,4,simulated,0.4,0.6326463497660804,True,0.9325096622361975,0.16610262643191231,0.3341228275010842
L,full,4,simulated,0.4,0.672138039234922,True,0.9325096622361975,0.16610262643191231,0.3341228275010842
L,full,4,simulated,0.4,0.3,True,0.9325096622361975,0.16610262643191231,0.3341228275010842
L,full,4,simulated,0.8,0.3,True,0.9325096622361975,0.16610262643191231,0.3341228275010842
L,full,4,simulated,0.8,0.7655706246451247,True,0.9325096622361975,0.16610262643191231,0.3341228275010842
L,full,4,simulated,0.8,0.4833951506157045,True,0.9325096622361975,0.16610262643191231,0.3341228275010842
L,full,4,simulated,1.3,1.3755065495447265,True,0.9325096622361975,0.16610262643191231,0.3341228275010842
L,full,4,simulated,1.3,1.4572261234834614,True,0.9325096622361975,0.16610262643191231,0.3341228275010842
L,full,4,simulated,1.3,1.1422392352882824,True,0.9325096622361975,0.16610262643191231,0.3341228275010842
L,full,4,simulated,1.8,2.150061537271176,True,0.9325096622361975,0.16610262643191231,0.3341228275010842
L,full,4,simulated,1.8,2.269766916689381,True,0.9325096622361975,0.16610262643191231,0.3341228275010842
L,full,4,simulated,1.8,1.8865106078804526,True,0.9325096622361975,0.16610262643191231,0.3341228275010842
L,full,4,observed,0.4,0.3,True,0.9325096622361975,0.16610262643191231,0.3341228275010842
L,full,5,simulated,0.4,0.3,False,1.035151877645719,0.06346041102239086,0.33552478279684433
L,full,5,simulated,0.4,0.3,False,1.035151877645719,0.06346041102239086,0.33552478279684433
L,full,5,simulated,0.4,0.3,False,1.035151877645719,0.06346041102239086,0.33552478279684433
L,full,5,simulated,0.8,0.3,False,1.035151877645719,0.06346041102239086,0.33552478279684433
L,full,5,simulated,0.8,0.3,False,1.035151877645719,0.06346041102239086,0.33552478279684433
L,full,5,simulated,0.8,0.3,False,1.035151877645719,0.06346041102239086,0.33552478279684433
L,full,5,simulated,1.3,2.3,False,1.035151877645719,0.06346041102239086,0.33552478279684433
L,full,5,simulated,1.3,2.3,False,1.035151877645719,0.06346041102239086,0.33552478279684433
L,full,5,simulated,1.3,0.3,False,1.035151877645719,0.06346041102239086,0.33552478279684433
L,full,5,simulated,1.8,2.3,False,1.035151877645719,0.06346041102239086,0.33552478279684433
L,full,5,simulated,1.8,2.3,False,1.035151877645719,0.06346041102239086,0.33552478279684433
L,full,5,simulated,1.8,2.3,False,1.035151877645719,0.06346041102239086,0.33552478279684433
L,full,5,observed,0.4,0.3,False,1.035151877645719,0.06346041102239086,0.33552478279684433
L,full,6,simulated,0.4,0.3,True,1.0309098403332597,0.06770244833485006,0.33609067607602944
L,full,6,simulated,0.4,0.3,True,1.0309098403332597,0.06770244833485006,0.33609067607602944
L,full,6,simulated,0.4,0.3,True,1.0309098403332597,0.06770244833485006,0.33609067607602944
L,full,6,simulated,0.8,1.3139624247082584,True,1.0309098403332597,0.06770244833485006,0.33609067607602944
L,full,6,simulated,0.8,0.3,True,1.0309098403332597,0.06770244833485006,0.33609067607602944
L,full,6,simulated,0.8,0.8766222315079921,True,1.0309098403332597,0.06770244833485006,0.33609067607602944
L,full,6,simulated,1.3,1.2133509352531906,True,1.0309098403332597,0.06770244833485006,0.33609067607602944
L,full,6,simulated,1.3,1.3276875270127406,True,1.0309098403332597,0.06770244833485006,0.33609067607602944
L,full,6,simulated,1.3,1.4969630366336388,True,1.0309098403332597,0.06770244833485006,0.33609067607602944
L,full,6,simulated,1.8,1.6419242292874923,True,1.0309098403332597,0.06770244833485006,0.33609067607602944
L,full,6,simulated,1.8,1.7550494280548685,True,1.0309098403332597,0.06770244833485006,0.33609067607602944
L,full,6,simulated,1.8,1.874693026237231,True,1.0309098403332597,0.06770244833485006,0.33609067607602944
L,full,6,observed,0.4,0.3,True,1.0309098403332597,0.06770244833485006,0.33609067607602944
L,full,7,simulated,0.4,0.6384582556826339,True,0.9295717750565481,0.1690405136115617,0.3389647137150466
L,full,7,simulated,0.4,0.9726061696558705,True,0.9295717750565481,0.1690405136115617,0.3389647137150466
L,full,7,simulated,0.4,0.6689922517999847,True,0.9295717750565481,0.1690405136115617,0.3389647137150466
L,full,7,simulated,0.8,1.5328507293103093,True,0.9295717750565481,0.1690405136115617,0.3389647137150466
L,full,7,simulated,0.8,0.9036150812802157,True,0.9295717750565481,0.1690405136115617,0.3389647137150466
L,full,7,simulated,0.8,0.873910064532873,True,0.9295717750565481,0.1690405136115617,0.3389647137150466
L,full,7,simulated,1.3,1.4446515308397365,True,0.9295717750565481,0.1690405136115617,0.3389647137150466
L,full,7,simulated,1.3,1.1806755793455048,True,0.9295717750565481,0.1690405136115617,0.3389647137150466
L,full,7,simulated,1.3,1.1337145399083357,True,0.9295717750565481,0.1690405136115617,0.3389647137150466
L,full,7,simulated,1.8,1.7225654907648418,True,0.9295717750565481,0.1690405136115617,0.3389647137150466
L,full,7,simulated,1.8,2.3,True,0.9295717750565481,0.1690405136115617,0.3389647137150466
L,full,7,simulated,1.8,2.045512870644271,True,0.9295717750565481,0.1690405136115617,0.3389647137150466
L,full,7,observed,0.4,0.6338937577795671,True,0.9295717750565481,0.1690405136115617,0.3389647137150466
H,linear,0,simulated,1.5,1.5142707254474455,True,1.0993753752465976,-0.0007630865784877816,0.34430135114872634
H,linear,0,simulated,1.5,1.5436109340964412,True,1.0993753752465976,-0.0007630865784877816,0.34430135114872634
H,linear,0,simulated,1.5,1.5900131566399196,True,1.0993753752465976,-0.0007630865784877816,0.34430135114872634
H,linear,0,simulated,2.0,2.0550501857381356,True,1.0993753752465976,-0.0007630865784877816,0.34430135114872634
H,linear,0,simulated,2.0,2.111648576556565,True,1.0993753752465976,-0.0007630865784877816,0.34430135114872634
H,linear,0,simulated,2.0,2.062198004232948,True,1.0993753752465976,-0.0007630865784877816,0.34430135114872634
H,linear,0,simulated,2.5,2.5856452353766404,True,1.0993753752465976,-0.0007630865784877816,0.34430135114872634
H,linear,0,simulated,2.5,2.607032414474039,True,1.0993753752465976,-0.0007630865784877816,0.34430135114872634
H,linear,0,simulated,2.5,2.661342891273746,True,1.0993753752465976,-0.0007630865784877816,0.34430135114872634
H,linear,0,simulated,2.8,2.971818654938955,True,1.0993753752465976,-0.0007630865784877816,0.34430135114872634
H,linear,0,simulated,2.8,3.0,True,1.0993753752465976,-0.0007630865784877816,0.34430135114872634
H,linear,0,simulated,2.8,2.903575105409409,True,1.0993753752465976,-0.0007630865784877816,0.34430135114872634
H,linear,0,observed,2.5,2.165541523107995,True,1.0993753752465976,-0.0007630865784877816,0.34430135114872634
H,linear,1,simulated,1.5,1.0,False,1.0999636407625877,-0.0013513520944778978,0.34597069597069596
H,linear,1,simulated,1.5,1.0,False,1.0999636407625877,-0.0013513520944778978,0.34597069597069596
H,linear,1,simulated,1.5,1.0,False,1.0999636407625877,-0.0013513520944778978,0.34597069597069596
H,linear,1,simulated,2.0,1.0,False,1.0999636407625877,-0.0013513520944778978,0.34597069597069596
H,linear,1,simulated,2.0,1.0,False,1.0999636407625877,-0.0013513520944778978,0.34597069597069596
H,linear,1,simulated,2.0,1.0,False,1.0999636407625877,-0.0013513520944778978,0.34597069597069596
H,linear,1,simulated,2.5,1.0,False,1.0999636407625877,-0.0013513520944778978,0.34597069597069596
H,linear,1,simulated,2.5,1.0,False,1.0999636407625877,-0.0013513520944778978,0.34597069597069596
H,linear,1,simulated,2.5,1.0,False,1.0999636407625877,-0.0013513520944778978,0.34597069597069596
H,linear,1,simulated,2.8,1.0,False,1.0999636407625877,-0.0013513520944778978,0.34597069597069596
H,linear,1,simulated,2.8,1.0,False,1.0999636407625877,-0.0013513520944778978,0.34597069597069596
H,linear,1,simulated,2.8,1.0,False,1.0999636407625877,-0.0013513520944778978,0.34597069597069596
H,linear,1,observed,2.5,1.0,False,1.0999636407625877,-0.0013513520944778978,0.34597069597069596
H,linear,2,simulated,1.5,1.0,False,1.0989274423001176,-0.0003151536320078474,0.3481005279549656
H,linear,2,simulated,1.5,1.0,False,1.0989274423001176,-0.0003151536320078474,0.3481005279549656
H,linear,2,simulated,1.5,1.0,False,1.0989274423001176,-0.0003151536320078474,0.3481005279549656
H,linear,2,simulated,2.0,1.0,False,1.0989274423001176,-0.0003151536320078474,0.3481005279549656
H,linear,2,simulated,2.0,1.0,False,1.0989274423001176,-0.0003151536320078474,0.3481005279549656
H,linear,2,simulated,2.0,1.0,False,1.0989274423001176,-0.0003151536320078474,0.3481005279549656
H,linear,2,simulated,2.5,1.0,False,1.0989274423001176,-0.0003151536320078474,0.3481005279549656
H,linear,2,simulated,2.5,1.0,False,1.0989274423001176,-0.0003151536320078474,0.3481005279549656
H,linear,2,simulated,2.5,1.0,False,1.0989274423001176,-0.0003151536320078474,0.3481005279549656
H,linear,2,simulated,2.8,1.0,False,1.0989274423001176,-0.0003151536320078474,0.3481005279549656
H,linear,2,simulated,2.8,1.0,False,1.0989274423001176,-0.0003151536320078474,0.3481005279549656
H,linear,2,simulated,2.8,1.0,False,1.0989274423001176,-0.0003151536320078474,0.3481005279549656
H,linear,2,observed,2.5,1.0,False,1.0989274423001176,-0.0003151536320078474,0.3481005279549656
H,linear,3,simulated,1.5,1.0,False,1.0994771537134203,-0.00086486504531047,0.3464964964964965
H,linear,3,simulated,1.5,1.0,False,1.0994771537134203,-0.00086486504531047,0.3464964964964965
H,linear,3,simulated,1.5,1.0,False,1.0994771537134203,-0.00086486504531047,0.3464964964964965
H,linear,3,simulated,2.0,1.0,False,1.0994771537134203,-0.00086486504531047,0.3464964964964965
H,linear,3,simulated,2.0,1.0,False,1.0994771537134203,-0.00086486504531047,0.3464964964964965
H,linear,3,simulated,2.0,1.0,False,1.0994771537134203,-0.00086486504531047,0.3464964964964965
H,linear,3,simulated,2.5,1.0,False,1.0994771537134203,-0.00086486504531047,0.3464964964964965
H,linear,3,simulated,2.5,1.0,False,1.0994771537134203,-0.00086486504531047,0.3464964964964965
H,linear,3,simulated,2.5,1.0,False,1.0994771537134203,-0.00086486504531047,0.3464964964964965
H,linear,3,simulated,2.8,1.0,False,1.0994771537134203,-0.00086486504531047,0.3464964964964965
H,linear,3,simulated,2.8,1.0,False,1.0994771537134203,-0.00086486504531047,0.3464964964964965
H,linear,3,simulated,2.8,1.0,False,1.0994771537134203,-0.00086486504531047,0.3464964964964965
H,linear,3,observed,2.5,1.0,False,1.0994771537134203,-0.00086486504531047,0.3464964964964965
H,linear,4,simulated,1.5,2.94195590112952,False,1.0995624368473635,-0.0009501481792537625,0.3420385141674732
H,linear,4,simulated,1.5,2.948479429969259,False,1.0995624368473635,-0.0009501481792537625,0.3420385141674732
H,linear,4,simulated,1.5,2.9366099342890974,False,1.0995624368473635,-0.0009501481792537625,0.3420385141674732
H,linear,4,simulated,2.0,2.994635058487305,False,1.0995624368473635,-0.0009501481792537625,0.3420385141674732
H,linear,4,simulated,2.0,3.0,False,1.0995624368473635,-0.0009501481792537625,0.3420385141674732
H,linear,4,simulated,2.0,2.962874817563962,False,1.0995624368473635,-0.0009501481792537625,0.3420385141674732
H,linear,4,simulated,2.5,3.0,False,1.0995624368473635,-0.0009501481792537625,0.3420385141674732
H,linear,4,simulated,2.5,3.0,False,1.0995624368473635,-0.0009501481792537625,0.3420385141674732
H,linear,4,simulated,2.5,3.0,False,1.0995624368473635,-0.0009501481792537625,0.3420385141674732
H,linear,4,simulated,2.8,3.0,False,1.0995624368473635,-0.0009501481792537625,0.3420385141674732
H,linear,4,simulated,2.8,3.0,False,1.0995624368473635,-0.0009501481792537625,0.3420385141674732
H,linear,4,simulated,2.8,3.0,False,1.0995624368473635,-0.0009501481792537625,0.3420385141674732
H,linear,4,observed,2.5,3.0,False,1.0995624368473635,-0.0009501481792537625,0.3420385141674732
H,linear,5,simulated,1.5,1.0,False,1.0995694641339577,-0.0009571754658479481,0.3525079153474421
H,linear,5,simulated,1.5,1.0,False,1.0995694641339577,-0.0009571754658479481,0.3525079153474421
H,linear,5,simulated,1.5,1.0,False,1.0995694641339577,-0.0009571754658479481,0.3525079153474421
H,linear,5,simulated,2.0,1.0,False,1.0995694641339577,-0.0009571754658479481,0.3525079153474421
H,linear,5,simulated,2.0,1.0,False,1.0995694641339577,-0.0009571754658479481,0.3525079153474421
H,linear,5,simulated,2.0,1.0,False,1.0995694641339577,-0.0009571754658479481,0.3525079153474421
H,linear,5,simulated,2.5,1.0,False,1.0995694641339577,-0.0009571754658479481,0.3525079153474421
H,linear,5,simulated,2.5,1.0,False,1.0995694641339577,-0.0009571754658479481,0.3525079153474421
H,linear,5,simulated,2.5,1.0,False,1.0995694641339577,-0.0009571754658479481,0.3525079153474421
H,linear,5,simulated,2.8,1.0,False,1.0995694641339577,-0.0009571754658479481,0.3525079153474421
H,linear,5,simulated,2.8,1.0,False,1.0995694641339577,-0.0009571754658479481,0.3525079153474421
H,linear,5,simulated,2.8,1.0,False,1.0995694641339577,-0.0009571754658479481,0.3525079153474421
H,linear,5,observed,2.5,1.0,False,1.0995694641339577,-0.0009571754658479481,0.3525079153474421
H,linear,6,simulated,1.5,1.0,False,1.1003485938250008,-0.0017363051568910493,0.3449827508624569
H,linear,6,simulated,1.5,1.0,False,1.1003485938250008,-0.0017363051568910493,0.3449827508624569
H,linear,6,simulated,1.5,1.0,False,1.1003485938250008,-0.0017363051568910493,0.3449827508624569
H,linear,6,simulated,2.0,1.0,False,1.1003485938250008,-0.0017363051568910493,0.3449827508624569
H,linear,6,simulated,2.0,1.0,False,1.1003485938250008,-0.0017363051568910493,0.3449827508624569
H,linear,6,simulated,2.0,1.0,False,1.1003485938250008,-0.0017363051568910493,0.3449827508624569
H,linear,6,simulated,2.5,1.0,False,1.1003485938250008,-0.0017363051568910493,0.3449827508624569
H,linear,6,simulated,2.5,1.0,False,1.1003485938250008,-0.0017363051568910493,0.3449827508624569
H,linear,6,simulated,2.5,1.0,False,1.1003485938250008,-0.0017363051568910493,0.3449827508624569
H,linear,6,simulated,2.8,1.0,False,1.1003485938250008,-0.0017363051568910493,0.3449827508624569
H,linear,6,simulated,2.8,1.0,False,1.1003485938250008,-0.0017363051568910493,0.3449827508624569
H,linear,6,simulated,2.8,1.0,False,1.1003485938250008,-0.0017363051568910493,0.3449827508624569
H,linear,6,observed,2.5,1.0,False,1.1003485938250008,-0.0017363051568910493,0.3449827508624569
H,linear,7,simulated,1.5,3.0,False,1.09802698684951,0.0005853018185997261,0.34402667778240936
H,linear,7,simulated,1.5,3.0,False,1.09802698684951,0.0005853018185997261,0.34402667778240936
H,linear,7,simulated,1.5,3.0,False,1.09802698684951,0.0005853018185997261,0.34402667778240936
H,linear,7,simulated,2.0,3.0,False,1.09802698684951,0.0005853018185997261,0.34402667778240936
H,linear,7,simulated,2.0,3.0,False,1.09802698684951,0.0005853018185997261,0.34402667778240936
H,linear,7,simulated,2.0,3.0,False,1.09802698684951,0.0005853018185997261,0.34402667778240936
H,linear,7,simulated,2.5,3.0,False,1.09802698684951,0.0005853018185997261,0.34402667778240936
H,linear,7,simulated,2.5,3.0,False,1.09802698684951,0.0005853018185997261,0.34402667778240936
H,linear,7,simulated,2.5,3.0,False,1.09802698684951,0.0005853018185997261,0.34402667778240936
H,linear,7,simulated,2.8,3.0,False,1.09802698684951,0.0005853018185997261,0.34402667778240936
H,linear,7,simulated,2.8,3.0,False,1.09802698684951,0.0005853018185997261,0.34402667778240936
H,linear,7,simulated,2.8,3.0,False,1.09802698684951,0.0005853018185997261,0.34402667778240936
H,linear,7,observed,2.5,3.0,False,1.09802698684951,0.0005853018185997261,0.34402667778240936
H,tiny,0,simulated,1.5,3.0,False,1.093189672898438,0.005422615769671735,0.34105259650467323
H,tiny,0,simulated,1.5,3.0,False,1.093189672898438,0.005422615769671735,0.34105259650467323
H,tiny,0,simulated,1.5,3.0,False,1.093189672898438,0.005422615769671735,0.34105259650467323
H,tiny,0,simulated,2.0,3.0,False,1.093189672898438,0.005422615769671735,0.34105259650467323
H,tiny,0,simulated,2.0,3.0,False,1.093189672898438,0.005422615769671735,0.34105259650467323
H,tiny,0,simulated,2.0,3.0,False,1.093189672898438,0.005422615769671735,0.34105259650467323
H,tiny,0,simulated,2.5,3.0,False,1.093189672898438,0.005422615769671735,0.34105259650467323
H,tiny,0,simulated,2.5,3.0,False,1.093189672898438,0.005422615769671735,0.34105259650467323
H,tiny,0,simulated,2.5,3.0,False,1.093189672898438,0.005422615769671735,0.34105259650467323
H,tiny,0,simulated,2.8,3.0,False,1.093189672898438,0.005422615769671735,0.34105259650467323
H,tiny,0,simulated,2.8,3.0,False,1.093189672898438,0.005422615769671735,0.34105259650467323
H,tiny,0,simulated,2.8,3.0,False,1.093189672898438,0.005422615769671735,0.34105259650467323
H,tiny,0,observed,2.5,3.0,False,1.093189672898438,0.005422615769671735,0.34105259650467323
H,tiny,1,simulated,1.5,1.5927574153720756,True,1.092443171194044,0.006169117474065677,0.3451548451548452
H,tiny,1,simulated,1.5,1.594776369521977,True,1.092443171194044,0.006169117474065677,0.3451548451548452
H,tiny,1,simulated,1.5,1.480309707855243,True,1.092443171194044,0.006169117474065677,0.3451548451548452
H,tiny,1,simulated,2.0,1.9502504728291687,True,1.092443171194044,0.006169117474065677,0.3451548451548452
H,tiny,1,simulated,2.0,1.9225254507163738,True,1.092443171194044,0.006169117474065677,0.3451548451548452
H,tiny,1,simulated,2.0,2.0967794181377513,True,1.092443171194044,0.006169117474065677,0.3451548451548452
H,tiny,1,simulated,2.5,2.4775091426333247,True,1.092443171194044,0.006169117474065677,0.3451548451548452
H,tiny,1,simulated,2.5,2.5883111952168116,True,1.092443171194044,0.006169117474065677,0.3451548451548452
H,tiny,1,simulated,2.5,2.5276031862561794,True,1.092443171194044,0.006169117474065677,0.3451548451548452
H,tiny,1,simulated,2.8,2.7159843594574973,True,1.092443171194044,0.006169117474065677,0.3451548451548452
H,tiny,1,simulated,2.8,2.874114796849678,True,1.092443171194044,0.006169117474065677,0.3451548451548452
H,tiny,1,simulated,2.8,2.7701792356485426,True,1.092443171194044,0.006169117474065677,0.3451548451548452
H,tiny,1,observed,2.5,1.8118798766015982,True,1.092443171194044,0.006169117474065677,0.3451548451548452
H,tiny,2,simulated,1.5,1.528693356475378,True,1.0936064790871183,0.005005809580991505,0.34830038472428093
H,tiny,2,simulated,1.5,1.497720728536636,True,1.0936064790871183,0.005005809580991505,0.34830038472428093
H,tiny,2,simulated,1.5,1.523505637387963,True,1.0936064790871183,0.005005809580991505,0.34830038472428093
H,tiny,2,simulated,2.0,1.950016925238268,True,1.0936064790871183,0.005005809580991505,0.34830038472428093
H,tiny,2,simulated,2.0,1.968128344635333,True,1.0936064790871183,0.005005809580991505,0.34830038472428093
H,tiny,2,simulated,2.0,1.9590255627557027,True,1.0936064790871183,0.005005809580991505,0.34830038472428093
H,tiny,2,simulated,2.5,2.4854104608622754,True,1.0936064790871183,0.005005809580991505,0.34830038472428093
H,tiny,2,simulated,2.5,2.527559841643822,True,1.0936064790871183,0.005005809580991505,0.34830038472428093
H,tiny,2,simulated,2.5,2.5582624443026107,True,1.0936064790871183,0.005005809580991505,0.34830038472428093
H,tiny,2,simulated,2.8,2.817659457832125,True,1.0936064790871183,0.005005809580991505,0.34830038472428093
H,tiny,2,simulated,2.8,2.86640682390342,True,1.0936064790871183,0.005005809580991505,0.34830038472428093
H,tiny,2,simulated,2.8,2.851313051196226,True,1.0936064790871183,0.005005809580991505,0.34830038472428093
H,tiny,2,observed,2.5,1.4499000087417537,True,1.0936064790871183,0.005005809580991505,0.34830038472428093
H,tiny,3,simulated,1.5,3.0,False,1.0928136605327412,0.005798628135368578,0.3441608274941608
H,tiny,3,simulated,1.5,3.0,False,1.0928136605327412,0.005798628135368578,0.3441608274941608
H,tiny,3,simulated,1.5,3.0,False,1.0928136605327412,0.005798628135368578,0.3441608274941608
H,tiny,3,simulated,2.0,3.0,False,1.0928136605327412,0.005798628135368578,0.3441608274941608
H,tiny,3,simulated,2.0,3.0,False,1.0928136605327412,0.005798628135368578,0.3441608274941608
H,tiny,3,simulated,2.0,3.0,False,1.0928136605327412,0.005798628135368578,0.3441608274941608
H,tiny,3,simulated,2.5,3.0,False,1.0928136605327412,0.005798628135368578,0.3441608274941608
H,tiny,3,simulated,2.5,3.0,False,1.0928136605327412,0.005798628135368578,0.3441608274941608
H,tiny,3,simulated,2.5,3.0,False,1.0928136605327412,0.005798628135368578,0.3441608274941608
H,tiny,3,simulated,2.8,3.0,False,1.0928136605327412,0.005798628135368578,0.3441608274941608
H,tiny,3,simulated,2.8,3.0,False,1.0928136605327412,0.005798628135368578,0.3441608274941608
H,tiny,3,simulated,2.8,3.0,False,1.0928136605327412,0.005798628135368578,0.3441608274941608
H,tiny,3,observed,2.5,3.0,False,1.0928136605327412,0.005798628135368578,0.3441608274941608
H,tiny,4,simulated,1.5,1.0,False,1.0934846421419564,0.005127646526153384,0.3473784334011948
H,tiny,4,simulated,1.5,1.0,False,1.0934846421419564,0.005127646526153384,0.3473784334011948
H,tiny,4,simulated,1.5,1.0,False,1.0934846421419564,0.005127646526153384,0.3473784334011948
H,tiny,4,simulated,2.0,1.0,False,1.0934846421419564,0.005127646526153384,0.3473784334011948
H,tiny,4,simulated,2.0,1.0,False,1.0934846421419564,0.005127646526153384,0.3473784334011948
H,tiny,4,simulated,2.0,1.0,False,1.0934846421419564,0.005127646526153384,0.3473784334011948
H,tiny,4,simulated,2.5,3.0,False,1.0934846421419564,0.005127646526153384,0.3473784334011948
H,tiny,4,simulated,2.5,2.6132759030778416,False,1.0934846421419564,0.005127646526153384,0.3473784334011948
H,tiny,4,simulated,2.5,2.833865013700155,False,1.0934846421419564,0.005127646526153384,0.3473784334011948
H,tiny,4,simulated,2.8,3.0,False,1.0934846421419564,0.005127646526153384,0.3473784334011948
H,tiny,4,simulated,2.8,3.0,False,1.0934846421419564,0.005127646526153384,0.3473784334011948
H,tiny,4,simulated,2.8,3.0,False,1.0934846421419564,0.005127646526153384,0.3473784334011948
H,tiny,4,observed,2.5,1.0,False,1.0934846421419564,0.005127646526153384,0.3473784334011948
H,tiny,5,simulated,1.5,1.0,False,1.0916591811988314,0.006953107469278352,0.34522579570071654
H,tiny,5,simulated,1.5,1.0,False,1.0916591811988314,0.006953107469278352,0.34522579570071654
H,tiny,5,simulated,1.5,1.0,False,1.0916591811988314,0.006953107469278352,0.34522579570071654
H,tiny,5,simulated,2.0,3.0,False,1.0916591811988314,0.006953107469278352,0.34522579570071654
H,tiny,5,simulated,2.0,3.0,False,1.0916591811988314,0.006953107469278352,0.34522579570071654
H,tiny,5,simulated,2.0,3.0,False,1.0916591811988314,0.006953107469278352,0.34522579570071654
H,tiny,5,simulated,2.5,3.0,False,1.0916591811988314,0.006953107469278352,0.34522579570071654
H,tiny,5,simulated,2.5,3.0,False,1.0916591811988314,0.006953107469278352,0.34522579570071654
H,tiny,5,simulated,2.5,3.0,False,1.0916591811988314,0.006953107469278352,0.34522579570071654
H,tiny,5,simulated,2.8,3.0,False,1.0916591811988314,0.006953107469278352,0.34522579570071654
H,tiny,5,simulated,2.8,3.0,False,1.0916591811988314,0.006953107469278352,0.34522579570071654
H,tiny,5,simulated,2.8,3.0,False,1.0916591811988314,0.006953107469278352,0.34522579570071654
H,tiny,5,observed,2.5,1.0,False,1.0916591811988314,0.006953107469278352,0.34522579570071654
H,tiny,6,simulated,1.5,1.5019559447025776,True,1.093816708710234,0.0047955799578758285,0.3431828408579571
H,tiny,6,simulated,1.5,1.5257166460426443,True,1.093816708710234,0.0047955799578758285,0.3431828408579571
H,tiny,6,simulated,1.5,1.5179240876283164,True,1.093816708710234,0.0047955799578758285,0.3431828408579571
H,tiny,6,simulated,2.0,1.9603709220988366,True,1.093816708710234,0.0047955799578758285,0.3431828408579571
H,tiny,6,simulated,2.0,2.034086540575655,True,1.093816708710234,0.0047955799578758285,0.3431828408579571
H,tiny,6,simulated,2.0,1.953425348717257,True,1.093816708710234,0.0047955799578758285,0.3431828408579571
H,tiny,6,simulated,2.5,2.577177050451963,True,1.093816708710234,0.0047955799578758285,0.3431828408579571
H,tiny,6,simulated,2.5,2.7129504403644784,True,1.093816708710234,0.0047955799578758285,0.3431828408579571
H,tiny,6,simulated,2.5,2.591105760988592,True,1.093816708710234,0.0047955799578758285,0.3431828408579571
H,tiny,6,simulated,2.8,2.953159145963189,True,1.093816708710234,0.0047955799578758285,0.3431828408579571
H,tiny,6,simulated,2.8,3.0,True,1.093816708710234,0.0047955799578758285,0.3431828408579571
H,tiny,6,simulated,2.8,3.0,True,1.093816708710234,0.0047955799578758285,0.3431828408579571
H,tiny,6,observed,2.5,1.5608609525079977,True,1.093816708710234,0.0047955799578758285,0.3431828408579571
H,tiny,7,simulated,1.5,3.0,False,1.0931606605901556,0.005451628077954185,0.3460775323051271
H,tiny,7,simulated,1.5,3.0,False,1.0931606605901556,0.005451628077954185,0.3460775323051271
H,tiny,7,simulated,1.5,3.0,False,1.0931606605901556,0.005451628077954185,0.3460775323051271
H,tiny,7,simulated,2.0,3.0,False,1.0931606605901556,0.005451628077954185,0.3460775323051271
H,tiny,7,simulated,2.0,3.0,False,1.0931606605901556,0.005451628077954185,0.3460775323051271
H,tiny,7,simulated,2.0,3.0,False,1.0931606605901556,0.005451628077954185,0.3460775323051271
H,tiny,7,simulated,2.5,3.0,False,1.0931606605901556,0.005451628077954185,0.3460775323051271
H,tiny,7,simulated,2.5,3.0,False,1.0931606605901556,0.005451628077954185,0.3460775323051271
H,tiny,7,simulated,2.5,3.0,False,1.0931606605901556,0.005451628077954185,0.3460775323051271
H,tiny,7,simulated,2.8,3.0,False,1.0931606605901556,0.005451628077954185,0.3460775323051271
H,tiny,7,simulated,2.8,3.0,False,1.0931606605901556,0.005451628077954185,0.3460775323051271
H,tiny,7,simulated,2.8,3.0,False,1.0931606605901556,0.005451628077954185,0.3460775323051271
H,tiny,7,observed,2.5,3.0,False,1.0931606605901556,0.005451628077954185,0.3460775323051271
H,small,0,simulated,1.5,1.0,False,1.091661222910477,0.006951065757632824,0.3424187394831981
H,small,0,simulated,1.5,1.0,False,1.091661222910477,0.006951065757632824,0.3424187394831981
H,small,0,simulated,1.5,1.0,False,1.091661222910477,0.006951065757632824,0.3424187394831981
H,small,0,simulated,2.0,3.0,False,1.091661222910477,0.006951065757632824,0.3424187394831981
H,small,0,simulated,2.0,3.0,False,1.091661222910477,0.006951065757632824,0.3424187394831981
H,small,0,simulated,2.0,3.0,False,1.091661222910477,0.006951065757632824,0.3424187394831981
H,small,0,simulated,2.5,3.0,False,1.091661222910477,0.006951065757632824,0.3424187394831981
H,small,0,simulated,2.5,3.0,False,1.091661222910477,0.006951065757632824,0.3424187394831981
H,small,0,simulated,2.5,3.0,False,1.091661222910477,0.006951065757632824,0.3424187394831981
H,small,0,simulated,2.8,3.0,False,1.091661222910477,0.006951065757632824,0.3424187394831981
H,small,0,simulated,2.8,3.0,False,1.091661222910477,0.006951065757632824,0.3424187394831981
H,small,0,simulated,2.8,3.0,False,1.091661222910477,0.006951065757632824,0.3424187394831981
H,small,0,observed,2.5,1.0,False,1.091661222910477,0.006951065757632824,0.3424187394831981
H,small,1,simulated,1.5,1.7252364549489463,True,1.092246809248197,0.006365479419912834,0.3436063936063936
H,small,1,simulated,1.5,1.5730369741797197,True,1.092246809248197,0.006365479419912834,0.3436063936063936
H,small,1,simulated,1.5,1.6403303801449083,True,1.092246809248197,0.006365479419912834,0.3436063936063936
H,small,1,simulated,2.0,1.9997956394401182,True,1.092246809248197,0.006365479419912834,0.3436063936063936
H,small,1,simulated,2.0,1.9958323683715395,True,1.092246809248197,0.006365479419912834,0.3436063936063936
H,small,1,simulated,2.0,2.14833776067455,True,1.092246809248197,0.006365479419912834,0.3436063936063936
H,small,1,simulated,2.5,2.5435300552410425,True,1.092246809248197,0.006365479419912834,0.3436063936063936
H,small,1,simulated,2.5,2.614227780361272,True,1.092246809248197,0.006365479419912834,0.3436063936063936
H,small,1,simulated,2.5,2.668996714585112,True,1.092246809248197,0.006365479419912834,0.3436063936063936
H,small,1,simulated,2.8,2.8254500165193033,True,1.092246809248197,0.006365479419912834,0.3436063936063936
H,small,1,simulated,2.8,3.0,True,1.092246809248197,0.006365479419912834,0.3436063936063936
H,small,1,simulated,2.8,2.943607178237102,True,1.092246809248197,0.006365479419912834,0.3436063936063936
H,small,1,observed,2.5,1.6672129256684105,True,1.092246809248197,0.006365479419912834,0.3436063936063936
H,small,2,simulated,1.5,1.5379621121676887,True,1.092120657532902,0.006491631135207676,0.3468847326082974
H,small,2,simulated,1.5,1.512387322651889,True,1.092120657532902,0.006491631135207676,0.3468847326082974
H,small,2,simulated,1.5,1.4760529402665923,True,1.092120657532902,0.006491631135207676,0.3468847326082974
H,small,2,simulated,2.0,1.9487549821507821,True,1.092120657532902,0.006491631135207676,0.3468847326082974
H,small,2,simulated,2.0,2.057989540020168,True,1.092120657532902,0.006491631135207676,0.3468847326082974
H,small,2,simulated,2.0,1.9897911989851607,True,1.092120657532902,0.006491631135207676,0.3468847326082974
H,small,2,simulated,2.5,2.47592071088388,True,1.092120657532902,0.006491631135207676,0.3468847326082974
H,small,2,simulated,2.5,2.530518101155777,True,1.092120657532902,0.006491631135207676,0.3468847326082974
H,small,2,simulated,2.5,2.5335589963878857,True,1.092120657532902,0.006491631135207676,0.3468847326082974
H,small,2,simulated,2.8,2.8656255025853037,True,1.092120657532902,0.006491631135207676,0.3468847326082974
H,small,2,simulated,2.8,2.898158306581629,True,1.092120657532902,0.006491631135207676,0.3468847326082974
H,small,2,simulated,2.8,2.828868869434404,True,1.092120657532902,0.006491631135207676,0.3468847326082974
H,small,2,observed,2.5,1.988766755509927,True,1.092120657532902,0.006491631135207676,0.3468847326082974
H,small,3,simulated,1.5,3.0,False,1.0916127259448423,0.006999562723267516,0.3438938938938939
H,small,3,simulated,1.5,3.0,False,1.0916127259448423,0.006999562723267516,0.3438938938938939
H,small,3,simulated,1.5,3.0,False,1.0916127259448423,0.006999562723267516,0.3438938938938939
H,small,3,simulated,2.0,3.0,False,1.0916127259448423,0.006999562723267516,0.3438938938938939
H,small,3,simulated,2.0,3.0,False,1.0916127259448423,0.006999562723267516,0.3438938938938939
H,small,3,simulated,2.0,3.0,False,1.0916127259448423,0.006999562723267516,0.3438938938938939
H,small,3,simulated,2.5,3.0,False,1.0916127259448423,0.006999562723267516,0.3438938938938939
H,small,3,simulated,2.5,3.0,False,1.0916127259448423,0.006999562723267516,0.3438938938938939
H,small,3,simulated,2.5,3.0,False,1.0916127259448423,0.006999562723267516,0.3438938938938939
H,small,3,simulated,2.8,3.0,False,1.0916127259448423,0.006999562723267516,0.3438938938938939
H,small,3,simulated,2.8,3.0,False,1.0916127259448423,0.006999562723267516,0.3438938938938939
H,small,3,simulated,2.8,3.0,False,1.0916127259448423,0.006999562723267516,0.3438938938938939
H,small,3,observed,2.5,3.0,False,1.0916127259448423,0.006999562723267516,0.3438938938938939
H,small,4,simulated,1.5,1.0,False,1.091287579576848,0.007324709091261816,0.3471281246871141
H,small,4,simulated,1.5,1.0,False,1.091287579576848,0.007324709091261816,0.3471281246871141
H,small,4,simulated,1.5,1.0,False,1.091287579576848,0.007324709091261816,0.3471281246871141
H,small,4,simulated,2.0,1.0,False,1.091287579576848,0.007324709091261816,0.3471281246871141
H,small,4,simulated,2.0,1.0,False,1.091287579576848,0.007324709091261816,0.3471281246871141
H,small,4,simulated,2.0,1.0,False,1.091287579576848,0.007324709091261816,0.3471281246871141
H,small,4,simulated,2.5,1.0,False,1.091287579576848,0.007324709091261816,0.3471281246871141
H,small,4,simulated,2.5,3.0,False,1.091287579576848,0.007324709091261816,0.3471281246871141
H,small,4,simulated,2.5,3.0,False,1.091287579576848,0.007324709091261816,0.3471281246871141
H,small,4,simulated,2.8,3.0,False,1.091287579576848,0.007324709091261816,0.3471281246871141
H,small,4,simulated,2.8,3.0,False,1.091287579576848,0.007324709091261816,0.3471281246871141
H,small,4,simulated,2.8,3.0,False,1.091287579576848,0.007324709091261816,0.3471281246871141
H,small,4,observed,2.5,1.0,False,1.091287579576848,0.007324709091261816,0.3471281246871141
H,small,5,simulated,1.5,1.0,False,1.0914060695696686,0.007206219098441213,0.3460423262789535
H,small,5,simulated,1.5,1.0,False,1.0914060695696686,0.007206219098441213,0.3460423262789535
H,small,5,simulated,1.5,1.0,False,1.0914060695696686,0.007206219098441213,0.3460423262789535
H,small,5,simulated,2.0,1.0,False,1.0914060695696686,0.007206219098441213,0.3460423262789535
H,small,5,simulated,2.0,1.0,False,1.0914060695696686,0.007206219098441213,0.3460423262789535
H,small,5,simulated,2.0,1.0,False,1.0914060695696686,0.007206219098441213,0.3460423262789535
H,small,5,simulated,2.5,1.0,False,1.0914060695696686,0.007206219098441213,0.3460423262789535
H,small,5,simulated,2.5,1.0,False,1.0914060695696686,0.007206219098441213,0.3460423262789535
H,small,5,simulated,2.5,1.0,False,1.0914060695696686,0.007206219098441213,0.3460423262789535
H,small,5,simulated,2.8,1.0,False,1.0914060695696686,0.007206219098441213,0.3460423262789535
H,small,5,simulated,2.8,1.0,False,1.0914060695696686,0.007206219098441213,0.3460423262789535
H,small,5,simulated,2.8,1.0,False,1.0914060695696686,0.007206219098441213,0.3460423262789535
H,small,5,observed,2.5,1.0,False,1.0914060695696686,0.007206219098441213,0.3460423262789535
H,small,6,simulated,1.5,1.5315548643364412,True,1.0920301999075939,0.006582088760515914,0.3422662200223322
H,small,6,simulated,1.5,1.606457406742721,True,1.0920301999075939,0.006582088760515914,0.3422662200223322
H,small,6,simulated,1.5,1.6098660416779165,True,1.0920301999075939,0.006582088760515914,0.3422662200223322
H,small,6,simulated,2.0,2.096589433758591,True,1.0920301999075939,0.006582088760515914,0.3422662200223322
H,small,6,simulated,2.0,2.1561685813360305,True,1.0920301999075939,0.006582088760515914,0.3422662200223322
H,small,6,simulated,2.0,2.0414115648088464,True,1.0920301999075939,0.006582088760515914,0.3422662200223322
H,small,6,simulated,2.5,3.0,True,1.0920301999075939,0.006582088760515914,0.3422662200223322
H,small,6,simulated,2.5,3.0,True,1.0920301999075939,0.006582088760515914,0.3422662200223322
H,small,6,simulated,2.5,2.7359231298153768,True,1.0920301999075939,0.006582088760515914,0.3422662200223322
H,small,6,simulated,2.8,3.0,True,1.0920301999075939,0.006582088760515914,0.3422662200223322
H,small,6,simulated,2.8,3.0,True,1.0920301999075939,0.006582088760515914,0.3422662200223322
H,small,6,simulated,2.8,3.0,True,1.0920301999075939,0.006582088760515914,0.3422662200223322
H,small,6,observed,2.5,1.4356002998392778,True,1.0920301999075939,0.006582088760515914,0.3422662200223322
H,small,7,simulated,1.5,3.0,False,1.0921035742355605,0.006508714432549301,0.3484952063359733
H,small,7,simulated,1.5,3.0,False,1.0921035742355605,0.006508714432549301,0.3484952063359733
H,small,7,simulated,1.5,3.0,False,1.0921035742355605,0.006508714432549301,0.3484952063359733
H,small,7,simulated,2.0,3.0,False,1.0921035742355605,0.006508714432549301,0.3484952063359733
H,small,7,simulated,2.0,3.0,False,1.0921035742355605,0.006508714432549301,0.3484952063359733
H,small,7,simulated,2.0,3.0,False,1.0921035742355605,0.006508714432549301,0.3484952063359733
H,small,7,simulated,2.5,3.0,False,1.0921035742355605,0.006508714432549301,0.3484952063359733
H,small,7,simulated,2.5,3.0,False,1.0921035742355605,0.006508714432549301,0.3484952063359733
H,small,7,simulated,2.5,3.0,False,1.0921035742355605,0.006508714432549301,0.3484952063359733
H,small,7,simulated,2.8,3.0,False,1.0921035742355605,0.006508714432549301,0.3484952063359733
H,small,7,simulated,2.8,3.0,False,1.0921035742355605,0.006508714432549301,0.3484952063359733
H,small,7,simulated,2.8,3.0,False,1.0921035742355605,0.006508714432549301,0.3484952063359733
H,small,7,observed,2.5,3.0,False,1.0921035742355605,0.006508714432549301,0.3484952063359733
H,full,0,simulated,1.5,1.0,False,0.9415025029142025,0.15710978575390733,0.339936357729537
H,full,0,simulated,1.5,1.0,False,0.9415025029142025,0.15710978575390733,0.339936357729537
H,full,0,simulated,1.5,1.0,False,0.9415025029142025,0.15710978575390733,0.339936357729537
H,full,0,simulated,2.0,1.0,False,0.9415025029142025,0.15710978575390733,0.339936357729537
H,full,0,simulated,2.0,1.0,False,0.9415025029142025,0.15710978575390733,0.339936357729537
H,full,0,simulated,2.0,1.0,False,0.9415025029142025,0.15710978575390733,0.339936357729537
H,full,0,simulated,2.5,1.0,False,0.9415025029142025,0.15710978575390733,0.339936357729537
H,full,0,simulated,2.5,1.0,False,0.9415025029142025,0.15710978575390733,0.339936357729537
H,full,0,simulated,2.5,1.0,False,0.9415025029142025,0.15710978575390733,0.339936357729537
H,full,0,simulated,2.8,1.0,False,0.9415025029142025,0.15710978575390733,0.339936357729537
H,full,0,simulated,2.8,1.0,False,0.9415025029142025,0.15710978575390733,0.339936357729537
H,full,0,simulated,2.8,1.0,False,0.9415025029142025,0.15710978575390733,0.339936357729537
H,full,0,observed,2.5,1.0,False,0.9415025029142025,0.15710978575390733,0.339936357729537
H,full,1,simulated,1.5,1.0,False,0.9364396308438253,0.16217265782428447,0.3368464868464868
H,full,1,simulated,1.5,1.0,False,0.9364396308438253,0.16217265782428447,0.3368464868464868
H,full,1,simulated,1.5,1.0,False,0.9364396308438253,0.16217265782428447,0.3368464868464868
H,full,1,simulated,2.0,1.0,False,0.9364396308438253,0.16217265782428447,0.3368464868464868
H,full,1,simulated,2.0,1.0,False,0.9364396308438253,0.16217265782428447,0.3368464868464868
H,full,1,simulated,2.0,1.0,False,0.9364396308438253,0.16217265782428447,0.3368464868464868
H,full,1,simulated,2.5,1.0,False,0.9364396308438253,0.16217265782428447,0.3368464868464868
H,full,1,simulated,2.5,1.0,False,0.9364396308438253,0.16217265782428447,0.3368464868464868
H,full,1,simulated,2.5,3.0,False,0.9364396308438253,0.16217265782428447,0.3368464868464868
H,full,1,simulated,2.8,3.0,False,0.9364396308438253,0.16217265782428447,0.3368464868464868
H,full,1,simulated,2.8,3.0,False,0.9364396308438253,0.16217265782428447,0.3368464868464868
H,full,1,simulated,2.8,3.0,False,0.9364396308438253,0.16217265782428447,0.3368464868464868
H,full,1,observed,2.5,1.0,False,0.9364396308438253,0.16217265782428447,0.3368464868464868
H,full,2,simulated,1.5,1.0,False,0.9030225302203226,0.19558975844778714,0.3345602318338524
H,full,2,simulated,1.5,1.0,False,0.9030225302203226,0.19558975844778714,0.3345602318338524
H,full,2,simulated,1.5,1.0,False,0.9030225302203226,0.19558975844778714,0.3345602318338524
H,full,2,simulated,2.0,1.0,False,0.9030225302203226,0.19558975844778714,0.3345602318338524
H,full,2,simulated,2.0,1.0,False,0.9030225302203226,0.19558975844778714,0.3345602318338524
H,full,2,simulated,2.0,1.0,False,0.9030225302203226,0.19558975844778714,0.3345602318338524
H,full,2,simulated,2.5,1.0044512055980621,False,0.9030225302203226,0.19558975844778714,0.3345602318338524
H,full,2,simulated,2.5,1.1160046102583214,False,0.9030225302203226,0.19558975844778714,0.3345602318338524
H,full,2,simulated,2.5,1.1003212923275043,False,0.9030225302203226,0.19558975844778714,0.3345602318338524
H,full,2,simulated,2.8,1.1670171402167457,False,0.9030225302203226,0.19558975844778714,0.3345602318338524
H,full,2,simulated,2.8,1.1802022440487563,False,0.9030225302203226,0.19558975844778714,0.3345602318338524
H,full,2,simulated,2.8,1.1025351406641373,False,0.9030225302203226,0.19558975844778714,0.3345602318338524
H,full,2,observed,2.5,1.1383028053769222,False,0.9030225302203226,0.19558975844778714,0.3345602318338524
H,full,3,simulated,1.5,3.0,False,0.9124244037321059,0.1861878849360039,0.3365699032365699
H,full,3,simulated,1.5,3.0,False,0.9124244037321059,0.1861878849360039,0.3365699032365699
H,full,3,simulated,1.5,3.0,False,0.9124244037321059,0.1861878849360039,0.3365699032365699
H,full,3,simulated,2.0,3.0,False,0.9124244037321059,0.1861878849360039,0.3365699032365699
H,full,3,simulated,2.0,3.0,False,0.9124244037321059,0.1861878849360039,0.3365699032365699
H,full,3,simulated,2.0,3.0,False,0.9124244037321059,0.1861878849360039,0.3365699032365699
H,full,3,simulated,2.5,3.0,False,0.9124244037321059,0.1861878849360039,0.3365699032365699
H,full,3,simulated,2.5,3.0,False,0.9124244037321059,0.1861878849360039,0.3365699032365699
H,full,3,simulated,2.5,3.0,False,0.9124244037321059,0.1861878849360039,0.3365699032365699
H,full,3,simulated,2.8,3.0,False,0.9124244037321059,0.1861878849360039,0.3365699032365699
H,full,3,simulated,2.8,3.0,False,0.9124244037321059,0.1861878849360039,0.3365699032365699
H,full,3,simulated,2.8,3.0,False,0.9124244037321059,0.1861878849360039,0.3365699032365699
H,full,3,observed,2.5,3.0,False,0.9124244037321059,0.1861878849360039,0.3365699032365699
H,full,4,simulated,1.5,1.9617959332088697,True,0.9370463172257957,0.1615659714423141,0.3361312285151687
H,full,4,simulated,1.5,2.0047967939777065,True,0.9370463172257957,0.1615659714423141,0.3361312285151687
H,full,4,simulated,1.5,1.5745861924208038,True,0.9370463172257957,0.1615659714423141,0.3361312285151687
H,full,4,simulated,2.0,2.089388051604644,True,0.9370463172257957,0.1615659714423141,0.3361312285151687
H,full,4,simulated,2.0,2.2773410526214755,True,0.9370463172257957,0.1615659714423141,0.3361312285151687
H,full,4,simulated,2.0,2.3832503958561735,True,0.9370463172257957,0.1615659714423141,0.3361312285151687
H,full,4,simulated,2.5,2.57954472092022,True,0.9370463172257957,0.1615659714423141,0.3361312285151687
H,full,4,simulated,2.5,2.9428093441835212,True,0.9370463172257957,0.1615659714423141,0.3361312285151687
H,full,4,simulated,2.5,2.9034810426998248,True,0.9370463172257957,0.1615659714423141,0.3361312285151687
H,full,4,simulated,2.8,3.0,True,0.9370463172257957,0.1615659714423141,0.3361312285151687
H,full,4,simulated,2.8,3.0,True,0.9370463172257957,0.1615659714423141,0.3361312285151687
H,full,4,simulated,2.8,3.0,True,0.9370463172257957,0.1615659714423141,0.3361312285151687
H,full,4,observed,2.5,1.868938923380258,True,0.9370463172257957,0.1615659714423141,0.3361312285151687
H,full,5,simulated,1.5,3.0,False,1.0254157478526487,0.07319654081546112,0.3413597733711048
H,full,5,simulated,1.5,3.0,False,1.0254157478526487,0.07319654081546112,0.3413597733711048
H,full,5,simulated,1.5,3.0,False,1.0254157478526487,0.07319654081546112,0.3413597733711048
H,full,5,simulated,2.0,3.0,False,1.0254157478526487,0.07319654081546112,0.3413597733711048
H,full,5,simulated,2.0,3.0,False,1.0254157478526487,0.07319654081546112,0.3413597733711048
H,full,5,simulated,2.0,3.0,False,1.0254157478526487,0.07319654081546112,0.3413597733711048
H,full,5,simulated,2.5,3.0,False,1.0254157478526487,0.07319654081546112,0.3413597733711048
H,full,5,simulated,2.5,3.0,False,1.0254157478526487,0.07319654081546112,0.3413597733711048
H,full,5,simulated,2.5,3.0,False,1.0254157478526487,0.07319654081546112,0.3413597733711048
H,full,5,simulated,2.8,3.0,False,1.0254157478526487,0.07319654081546112,0.3413597733711048
H,full,5,simulated,2.8,3.0,False,1.0254157478526487,0.07319654081546112,0.3413597733711048
H,full,5,simulated,2.8,3.0,False,1.0254157478526487,0.07319654081546112,0.3413597733711048
H,full,5,observed,2.5,3.0,False,1.0254157478526487,0.07319654081546112,0.3413597733711048
H,full,6,simulated,1.5,3.0,False,0.9336494121511104,0.16496287651699937,0.3341499591687082
H,full,6,simulated,1.5,2.9995892813265614,False,0.9336494121511104,0.16496287651699937,0.3341499591687082
H,full,6,simulated,1.5,3.0,False,0.9336494121511104,0.16496287651699937,0.3341499591687082
H,full,6,simulated,2.0,3.0,False,0.9336494121511104,0.16496287651699937,0.3341499591687082
H,full,6,simulated,2.0,3.0,False,0.9336494121511104,0.16496287651699937,0.3341499591687082
H,full,6,simulated,2.0,3.0,False,0.9336494121511104,0.16496287651699937,0.3341499591687082
H,full,6,simulated,2.5,3.0,False,0.9336494121511104,0.16496287651699937,0.3341499591687082
H,full,6,simulated,2.5,3.0,False,0.9336494121511104,0.16496287651699937,0.3341499591687082
H,full,6,simulated,2.5,3.0,False,0.9336494121511104,0.16496287651699937,0.3341499591687082
H,full,6,simulated,2.8,3.0,False,0.9336494121511104,0.16496287651699937,0.3341499591687082
H,full,6,simulated,2.8,3.0,False,0.9336494121511104,0.16496287651699937,0.3341499591687082
H,full,6,simulated,2.8,3.0,False,0.9336494121511104,0.16496287651699937,0.3341499591687082
H,full,6,observed,2.5,3.0,False,0.9336494121511104,0.16496287651699937,0.3341499591687082
H,full,7,simulated,1.5,1.0,False,0.9062165173433595,0.19239577132475028,0.3369737390579408
H,full,7,simulated,1.5,1.0,False,0.9062165173433595,0.19239577132475028,0.3369737390579408
H,full,7,simulated,1.5,1.0,False,0.9062165173433595,0.19239577132475028,0.3369737390579408
H,full,7,simulated,2.0,1.0,False,0.9062165173433595,0.19239577132475028,0.3369737390579408
H,full,7,simulated,2.0,1.0,False,0.9062165173433595,0.19239577132475028,0.3369737390579408
H,full,7,simulated,2.0,1.0,False,0.9062165173433595,0.19239577132475028,0.3369737390579408
H,full,7,simulated,2.5,1.0,False,0.9062165173433595,0.19239577132475028,0.3369737390579408
H,full,7,simulated,2.5,1.0,False,0.9062165173433595,0.19239577132475028,0.3369737390579408
H,full,7,simulated,2.5,1.0,False,0.9062165173433595,0.19239577132475028,0.3369737390579408
H,full,7,simulated,2.8,1.0,False,0.9062165173433595,0.19239577132475028,0.3369737390579408
H,full,7,simulated,2.8,1.0,False,0.9062165173433595,0.19239577132475028,0.3369737390579408
H,full,7,simulated,2.8,1.0,False,0.9062165173433595,0.19239577132475028,0.3369737390579408
H,full,7,observed,2.5,1.0,False,0.9062165173433595,0.19239577132475028,0.3369737390579408
