grid,member,accuracy,loss
L,0,0.3361,1.0216
L,1,0.3354,1.0088
L,2,0.3363,0.9709
L,3,0.3348,1.0294
L,4,0.3378,1.0580
L,5,0.3346,1.0273
L,6,0.3356,1.0654
L,7,0.3399,1.0206
L,8,0.3386,1.0545
L,9,0.3360,1.0246
L,10,0.3382,1.0204
L,11,0.3392,1.0168
L,12,0.3343,1.0616
L,13,0.3377,0.9977
L,14,0.3347,1.0343
L,15,0.3377,1.0580
H,0,0.3360,1.0132
H,1,0.3361,1.0110
H,2,0.3402,1.0296
H,3,0.3360,1.0151
H,4,0.3400,1.0296
H,5,0.3352,1.0322
H,6,0.3369,1.0553
H,7,0.3388,1.0159
H,8,0.3365,1.0311
H,9,0.3391,1.0290
H,10,0.3337,1.0355
H,11,0.3390,1.0156
H,12,0.3382,1.0076
H,13,0.3363,0.9978
H,14,0.3354,1.0579
H,15,0.3381,1.0206
