config,seed,dataset,truth_mu,raw_vertex,no_vertex,clipped_mu,monotonic,grid_min,grid_max
MLP K=1,0,simulated,1.5,2.2669497693091434,False,2.0016268040104683,True,1.0,3.0
MLP K=1,0,simulated,1.5,2.1967768168525073,False,1.443552999812169,True,1.0,3.0
MLP K=1,0,simulated,1.5,2.2308782855254217,False,1.716278926560276,True,1.0,3.0
MLP K=1,0,simulated,2.0,2.325216073046627,False,2.2603164834542433,True,1.0,3.0
MLP K=1,0,simulated,2.0,2.370314234026054,False,2.460116413561995,True,1.0,3.0
MLP K=1,0,simulated,2.0,2.3718104837198823,False,2.4645466364744704,True,1.0,3.0
MLP K=1,0,simulated,2.5,2.3990364751185775,False,2.5869754697633365,True,1.0,3.0
MLP K=1,0,simulated,2.5,2.4087581699346385,False,2.6293166157179035,True,1.0,3.0
MLP K=1,0,simulated,2.5,2.397630702106643,False,2.578477332816555,True,1.0,3.0
MLP K=1,0,simulated,2.8,2.4946709227148505,False,3.0,True,1.0,3.0
MLP K=1,0,simulated,2.8,2.4514749551953705,False,2.818021983011773,True,1.0,3.0
MLP K=1,0,simulated,2.8,2.4448954800696683,False,2.7867418557059773,True,1.0,3.0
MLP K=1,0,observed,2.5,2.2748198128825456,False,2.0369859314406584,True,1.0,3.0
MLP K=1,1,simulated,1.5,2.0147290395939392,False,1.572031956519945,True,1.0,3.0
MLP K=1,1,simulated,1.5,1.9608233679823914,False,1.3824779024170342,True,1.0,3.0
MLP K=1,1,simulated,1.5,1.9673836296129061,False,1.4068074764757375,True,1.0,3.0
MLP K=1,1,simulated,2.0,2.186501892674236,False,2.2096708379506866,True,1.0,3.0
MLP K=1,1,simulated,2.0,2.1256415891560785,False,1.9653069510937513,True,1.0,3.0
MLP K=1,1,simulated,2.0,2.1845208845208828,False,2.2039011571146574,True,1.0,3.0
MLP K=1,1,simulated,2.5,2.2940443638492436,False,2.657739882495782,True,1.0,3.0
MLP K=1,1,simulated,2.5,2.330028231994995,False,2.805788680295142,True,1.0,3.0
MLP K=1,1,simulated,2.5,2.2683463148413057,False,2.5508405649715553,True,1.0,3.0
MLP K=1,1,simulated,2.8,2.41614548103439,False,3.0,True,1.0,3.0
MLP K=1,1,simulated,2.8,2.424491392801249,False,3.0,True,1.0,3.0
MLP K=1,1,simulated,2.8,2.484873675752332,False,3.0,True,1.0,3.0
MLP K=1,1,observed,2.5,2.00742301036377,False,1.5472450049827318,True,1.0,3.0
MLP K=1,2,simulated,1.5,nan,True,1.0,False,1.0,3.0
MLP K=1,2,simulated,1.5,nan,True,1.0,False,1.0,3.0
MLP K=1,2,simulated,1.5,nan,True,1.0,False,1.0,3.0
MLP K=1,2,simulated,2.0,nan,True,1.0,False,1.0,3.0
MLP K=1,2,simulated,2.0,nan,True,1.0,False,1.0,3.0
MLP K=1,2,simulated,2.0,nan,True,1.0,False,1.0,3.0
MLP K=1,2,simulated,2.5,nan,True,1.0,False,1.0,3.0
MLP K=1,2,simulated,2.5,nan,True,1.0,False,1.0,3.0
MLP K=1,2,simulated,2.5,nan,True,1.0,False,1.0,3.0
MLP K=1,2,simulated,2.8,nan,True,1.0,False,1.0,3.0
MLP K=1,2,simulated,2.8,nan,True,1.0,False,1.0,3.0
MLP K=1,2,simulated,2.8,nan,True,1.0,False,1.0,3.0
MLP K=1,2,observed,2.5,nan,True,1.0,False,1.0,3.0
MLP K=1,3,simulated,1.5,nan,True,3.0,False,1.0,3.0
MLP K=1,3,simulated,1.5,nan,True,3.0,False,1.0,3.0
MLP K=1,3,simulated,1.5,nan,True,3.0,False,1.0,3.0
MLP K=1,3,simulated,2.0,nan,True,3.0,False,1.0,3.0
MLP K=1,3,simulated,2.0,nan,True,3.0,False,1.0,3.0
MLP K=1,3,simulated,2.0,nan,True,3.0,False,1.0,3.0
MLP K=1,3,simulated,2.5,nan,True,3.0,False,1.0,3.0
MLP K=1,3,simulated,2.5,nan,True,3.0,False,1.0,3.0
MLP K=1,3,simulated,2.5,nan,True,3.0,False,1.0,3.0
MLP K=1,3,simulated,2.8,nan,True,3.0,False,1.0,3.0
MLP K=1,3,simulated,2.8,nan,True,3.0,False,1.0,3.0
MLP K=1,3,simulated,2.8,nan,True,3.0,False,1.0,3.0
MLP K=1,3,observed,2.5,nan,True,3.0,False,1.0,3.0
MLP K=1,4,simulated,1.5,1.19037226888624,False,1.501901599076251,True,1.0,3.0
MLP K=1,4,simulated,1.5,1.071364509929534,False,1.1890910240392703,True,1.0,3.0
MLP K=1,4,simulated,1.5,0.7402239041311909,False,1.0,True,1.0,3.0
MLP K=1,4,simulated,2.0,1.3719159431185772,False,1.9849012857412276,True,1.0,3.0
MLP K=1,4,simulated,2.0,1.3465649475595551,False,1.9187581807712344,True,1.0,3.0
MLP K=1,4,simulated,2.0,1.4987150271940621,False,2.271285687693284,True,1.0,3.0
MLP K=1,4,simulated,2.5,1.6079766449986146,False,2.5157823186154684,True,1.0,3.0
MLP K=1,4,simulated,2.5,1.624590949359079,False,2.5543673673768157,True,1.0,3.0
MLP K=1,4,simulated,2.5,1.584517772021854,False,2.463909453614671,True,1.0,3.0
MLP K=1,4,simulated,2.8,1.8046638877832646,False,2.957552627862643,True,1.0,3.0
MLP K=1,4,simulated,2.8,1.7454258610965734,False,2.823594508928502,True,1.0,3.0
MLP K=1,4,simulated,2.8,1.7522112132571974,False,2.8384988169279963,True,1.0,3.0
MLP K=1,4,observed,2.5,1.3231320014707213,False,1.8565940599531103,True,1.0,3.0
MLP K=1,5,simulated,1.5,nan,True,1.0,False,1.0,3.0
MLP K=1,5,simulated,1.5,nan,True,1.0,False,1.0,3.0
MLP K=1,5,simulated,1.5,nan,True,1.0,False,1.0,3.0
MLP K=1,5,simulated,2.0,nan,True,1.0,False,1.0,3.0
MLP K=1,5,simulated,2.0,nan,True,1.0,False,1.0,3.0
MLP K=1,5,simulated,2.0,nan,True,1.0,False,1.0,3.0
MLP K=1,5,simulated,2.5,nan,True,1.0,False,1.0,3.0
MLP K=1,5,simulated,2.5,nan,True,1.0,False,1.0,3.0
MLP K=1,5,simulated,2.5,nan,True,1.0,False,1.0,3.0
MLP K=1,5,simulated,2.8,nan,True,1.0,False,1.0,3.0
MLP K=1,5,simulated,2.8,nan,True,1.0,False,1.0,3.0
MLP K=1,5,simulated,2.8,nan,True,1.0,False,1.0,3.0
MLP K=1,5,observed,2.5,nan,True,1.0,False,1.0,3.0
MLP K=1,6,simulated,1.5,3.121803313189616,False,3.0,False,1.0,3.0
MLP K=1,6,simulated,1.5,3.0810658547694896,False,3.0,False,1.0,3.0
MLP K=1,6,simulated,1.5,3.066859643777175,False,3.0,False,1.0,3.0
MLP K=1,6,simulated,2.0,3.129768482675965,False,3.0,False,1.0,3.0
MLP K=1,6,simulated,2.0,3.2890083228216653,False,3.0,False,1.0,3.0
MLP K=1,6,simulated,2.0,3.0174097487166573,False,3.0,False,1.0,3.0
MLP K=1,6,simulated,2.5,3.3239696841045876,False,3.0,False,1.0,3.0
MLP K=1,6,simulated,2.5,3.3886920048896916,False,3.0,False,1.0,3.0
MLP K=1,6,simulated,2.5,3.30725010430474,False,3.0,False,1.0,3.0
MLP K=1,6,simulated,2.8,3.5406525624027108,False,3.0,False,1.0,3.0
MLP K=1,6,simulated,2.8,3.5618251440267605,False,3.0,False,1.0,3.0
MLP K=1,6,simulated,2.8,3.495681278341601,False,3.0,False,1.0,3.0
MLP K=1,6,observed,2.5,2.791615213479299,False,2.791615213479299,False,1.0,3.0
MLP K=1,7,simulated,1.5,1.978509191802826,False,1.4569532373542682,True,1.0,3.0
MLP K=1,7,simulated,1.5,1.9631411834203003,False,1.38748072584669,True,1.0,3.0
MLP K=1,7,simulated,1.5,1.954128801525023,False,1.3479763753172467,True,1.0,3.0
MLP K=1,7,simulated,2.0,2.035097751834876,False,1.708165560825972,True,1.0,3.0
MLP K=1,7,simulated,2.0,2.0944183720572376,False,1.9739635935576278,True,1.0,3.0
MLP K=1,7,simulated,2.0,2.056121918235721,False,1.8029784835777956,True,1.0,3.0
MLP K=1,7,simulated,2.5,2.1188732764281015,False,2.102137826114483,True,1.0,3.0
MLP K=1,7,simulated,2.5,2.1298778352721457,False,2.160578591948128,True,1.0,3.0
MLP K=1,7,simulated,2.5,2.1418287376226623,False,2.2255626798171892,True,1.0,3.0
MLP K=1,7,simulated,2.8,2.2022483279569482,False,2.5518559862964847,True,1.0,3.0
MLP K=1,7,simulated,2.8,2.2364544129611508,False,2.7366331366226877,True,1.0,3.0
MLP K=1,7,simulated,2.8,2.2693536491596946,False,2.9163179232027887,True,1.0,3.0
MLP K=1,7,observed,2.5,1.8575418370805554,False,1.0,True,1.0,3.0
MLP K=2,0,simulated,1.5,-1.2584443851255624,False,1.0,False,1.0,3.0
MLP K=2,0,simulated,1.5,-0.3890093718534594,False,1.0,False,1.0,3.0
MLP K=2,0,simulated,1.5,-0.7141548994437307,False,1.0,False,1.0,3.0
MLP K=2,0,simulated,2.0,-1.775858956615926,False,1.0,False,1.0,3.0
MLP K=2,0,simulated,2.0,-0.5270887196329166,False,1.0,False,1.0,3.0
MLP K=2,0,simulated,2.0,-17.92463139635776,False,1.0,False,1.0,3.0
MLP K=2,0,simulated,2.5,-0.5875578808106298,False,1.0,False,1.0,3.0
MLP K=2,0,simulated,2.5,0.34130638364289123,False,1.0,False,1.0,3.0
MLP K=2,0,simulated,2.5,-2.7777404921700324,False,1.0,False,1.0,3.0
MLP K=2,0,simulated,2.8,0.5690961203807985,False,1.0,False,1.0,3.0
MLP K=2,0,simulated,2.8,-0.22775251008323866,False,1.0,False,1.0,3.0
MLP K=2,0,simulated,2.8,nan,True,1.0,False,1.0,3.0
MLP K=2,0,observed,2.5,-31.65470106242742,False,1.0,False,1.0,3.0
MLP K=2,1,simulated,1.5,nan,True,3.0,False,1.0,3.0
MLP K=2,1,simulated,1.5,nan,True,3.0,False,1.0,3.0
MLP K=2,1,simulated,1.5,nan,True,3.0,False,1.0,3.0
MLP K=2,1,simulated,2.0,nan,True,3.0,False,1.0,3.0
MLP K=2,1,simulated,2.0,nan,True,3.0,False,1.0,3.0
MLP K=2,1,simulated,2.0,nan,True,3.0,False,1.0,3.0
MLP K=2,1,simulated,2.5,nan,True,3.0,False,1.0,3.0
MLP K=2,1,simulated,2.5,nan,True,3.0,False,1.0,3.0
MLP K=2,1,simulated,2.5,nan,True,3.0,False,1.0,3.0
MLP K=2,1,simulated,2.8,nan,True,3.0,False,1.0,3.0
MLP K=2,1,simulated,2.8,nan,True,3.0,False,1.0,3.0
MLP K=2,1,simulated,2.8,nan,True,3.0,False,1.0,3.0
MLP K=2,1,observed,2.5,nan,True,3.0,False,1.0,3.0
MLP K=2,2,simulated,1.5,2.1496234051434673,False,1.693761126536213,True,1.0,3.0
MLP K=2,2,simulated,1.5,2.0917724486429212,False,1.3978552056965943,True,1.0,3.0
MLP K=2,2,simulated,1.5,2.1322044635907815,False,1.6024439640579398,True,1.0,3.0
MLP K=2,2,simulated,2.0,2.270203394950071,False,2.267313197266392,True,1.0,3.0
MLP K=2,2,simulated,2.0,2.2575114534314427,False,2.210695714429341,True,1.0,3.0
MLP K=2,2,simulated,2.0,2.300264928283988,False,2.3991565197708846,True,1.0,3.0
MLP K=2,2,simulated,2.5,2.3534997000301487,False,2.632649317715785,True,1.0,3.0
MLP K=2,2,simulated,2.5,2.375884127639862,False,2.732577131678242,True,1.0,3.0
MLP K=2,2,simulated,2.5,2.3393539692667287,False,2.5702744054793825,True,1.0,3.0
MLP K=2,2,simulated,2.8,2.4604533676001927,False,3.0,True,1.0,3.0
MLP K=2,2,simulated,2.8,2.439872274133839,False,3.0,True,1.0,3.0
MLP K=2,2,simulated,2.8,2.4615360935816493,False,3.0,True,1.0,3.0
MLP K=2,2,observed,2.5,2.133342663391701,False,1.609989311042098,True,1.0,3.0
MLP K=2,3,simulated,1.5,2.4503898884814683,False,1.563286657823276,True,1.0,3.0
MLP K=2,3,simulated,1.5,2.403429859282965,False,1.416745784116181,True,1.0,3.0
MLP K=2,3,simulated,1.5,2.477804176887747,False,1.6495740543667092,True,1.0,3.0
MLP K=2,3,simulated,2.0,2.6167330619436435,False,2.1754462235674303,True,1.0,3.0
MLP K=2,3,simulated,2.0,2.5558481530619965,False,1.8897441437046214,True,1.0,3.0
MLP K=2,3,simulated,2.0,2.6191433693492865,False,2.192435980437459,True,1.0,3.0
MLP K=2,3,simulated,2.5,2.7113617447726424,False,2.8297794797276397,True,1.0,3.0
MLP K=2,3,simulated,2.5,2.7560710492418194,False,3.0,True,1.0,3.0
MLP K=2,3,simulated,2.5,2.669221116787663,False,2.5336154091349767,True,1.0,3.0
MLP K=2,3,simulated,2.8,2.8387183419545408,False,3.0,True,1.0,3.0
MLP K=2,3,simulated,2.8,2.8648098067821888,False,3.0,True,1.0,3.0
MLP K=2,3,simulated,2.8,2.884153375857932,False,3.0,True,1.0,3.0
MLP K=2,3,observed,2.5,2.3364535453098374,False,1.210250818287894,True,1.0,3.0
MLP K=2,4,simulated,1.5,nan,True,1.0,False,1.0,3.0
MLP K=2,4,simulated,1.5,nan,True,1.0,False,1.0,3.0
MLP K=2,4,simulated,1.5,nan,True,1.0,False,1.0,3.0
MLP K=2,4,simulated,2.0,nan,True,1.0,False,1.0,3.0
MLP K=2,4,simulated,2.0,-57.861619523021595,False,1.0,False,1.0,3.0
MLP K=2,4,simulated,2.0,nan,True,1.0,False,1.0,3.0
MLP K=2,4,simulated,2.5,nan,True,1.0,False,1.0,3.0
MLP K=2,4,simulated,2.5,nan,True,1.0,False,1.0,3.0
MLP K=2,4,simulated,2.5,nan,True,1.0,False,1.0,3.0
MLP K=2,4,simulated,2.8,nan,True,1.0,False,1.0,3.0
MLP K=2,4,simulated,2.8,nan,True,1.0,False,1.0,3.0
MLP K=2,4,simulated,2.8,nan,True,1.0,False,1.0,3.0
MLP K=2,4,observed,2.5,nan,True,1.0,False,1.0,3.0
MLP K=2,5,simulated,1.5,2.106814481299451,False,1.5910928738055865,True,1.0,3.0
MLP K=2,5,simulated,1.5,2.0660469343910086,False,1.3773212519640499,True,1.0,3.0
MLP K=2,5,simulated,1.5,2.0794007931833347,False,1.4464222768033008,True,1.0,3.0
MLP K=2,5,simulated,2.0,2.1782272995637872,False,1.966770387888309,True,1.0,3.0
MLP K=2,5,simulated,2.0,2.225790284048726,False,2.1933867222180483,True,1.0,3.0
MLP K=2,5,simulated,2.0,2.2036828550512,False,2.090195099842528,True,1.0,3.0
MLP K=2,5,simulated,2.5,2.2558290486186308,False,2.3370282549193377,True,1.0,3.0
MLP K=2,5,simulated,2.5,2.263004014551155,False,2.37049245236519,True,1.0,3.0
MLP K=2,5,simulated,2.5,2.27149608762834,False,2.4091885259731436,True,1.0,3.0
MLP K=2,5,simulated,2.8,2.3409605381556764,False,2.7379788859705485,True,1.0,3.0
MLP K=2,5,simulated,2.8,2.3498025243737377,False,2.781431144160695,True,1.0,3.0
MLP K=2,5,simulated,2.8,2.3651285991124746,False,2.8507428183049335,True,1.0,3.0
MLP K=2,5,observed,2.5,2.050038996296232,False,1.2931798053178876,True,1.0,3.0
MLP K=2,6,simulated,1.5,-8.162200282087566,False,1.0,False,1.0,3.0
MLP K=2,6,simulated,1.5,-3.548893166506278,False,1.0,False,1.0,3.0
MLP K=2,6,simulated,1.5,-3.101796407185638,False,1.0,False,1.0,3.0
MLP K=2,6,simulated,2.0,-0.6470248714450614,False,1.0,False,1.0,3.0
MLP K=2,6,simulated,2.0,-0.5861209680634755,False,1.0,False,1.0,3.0
MLP K=2,6,simulated,2.0,nan,True,1.0,False,1.0,3.0
MLP K=2,6,simulated,2.5,0.4955054309376186,False,1.0,False,1.0,3.0
MLP K=2,6,simulated,2.5,0.9403999516674737,False,1.0,False,1.0,3.0
MLP K=2,6,simulated,2.5,0.29413899473779864,False,1.0,False,1.0,3.0
MLP K=2,6,simulated,2.8,1.6892716276623716,False,1.6856607459983284,False,1.0,3.0
MLP K=2,6,simulated,2.8,1.862695009579417,False,1.862437326514757,False,1.0,3.0
MLP K=2,6,simulated,2.8,1.5642183423640386,False,1.5680945338463217,False,1.0,3.0
MLP K=2,6,observed,2.5,nan,True,1.0,False,1.0,3.0
MLP K=2,7,simulated,1.5,nan,True,1.0,False,1.0,3.0
MLP K=2,7,simulated,1.5,nan,True,1.0,False,1.0,3.0
MLP K=2,7,simulated,1.5,nan,True,1.0,False,1.0,3.0
MLP K=2,7,simulated,2.0,nan,True,1.0,False,1.0,3.0
MLP K=2,7,simulated,2.0,nan,True,1.0,False,1.0,3.0
MLP K=2,7,simulated,2.0,nan,True,1.0,False,1.0,3.0
MLP K=2,7,simulated,2.5,nan,True,1.0,False,1.0,3.0
MLP K=2,7,simulated,2.5,nan,True,1.0,False,1.0,3.0
MLP K=2,7,simulated,2.5,nan,True,1.0,False,1.0,3.0
MLP K=2,7,simulated,2.8,nan,True,1.0,False,1.0,3.0
MLP K=2,7,simulated,2.8,nan,True,1.0,False,1.0,3.0
MLP K=2,7,simulated,2.8,nan,True,1.0,False,1.0,3.0
MLP K=2,7,observed,2.5,nan,True,1.0,False,1.0,3.0
MLP K=4,0,simulated,1.5,nan,True,1.0,False,1.0,3.0
MLP K=4,0,simulated,1.5,nan,True,1.0,False,1.0,3.0
MLP K=4,0,simulated,1.5,nan,True,1.0,False,1.0,3.0
MLP K=4,0,simulated,2.0,nan,True,1.0,False,1.0,3.0
MLP K=4,0,simulated,2.0,nan,True,1.0,False,1.0,3.0
MLP K=4,0,simulated,2.0,nan,True,1.0,False,1.0,3.0
MLP K=4,0,simulated,2.5,nan,True,1.0,False,1.0,3.0
MLP K=4,0,simulated,2.5,nan,True,1.0,False,1.0,3.0
MLP K=4,0,simulated,2.5,nan,True,1.0,False,1.0,3.0
MLP K=4,0,simulated,2.8,nan,True,1.0,False,1.0,3.0
MLP K=4,0,simulated,2.8,nan,True,1.0,False,1.0,3.0
MLP K=4,0,simulated,2.8,nan,True,1.0,False,1.0,3.0
MLP K=4,0,observed,2.5,nan,True,1.0,False,1.0,3.0
MLP K=4,1,simulated,1.5,1.1969800357722578,False,1.337700160336377,True,1.0,3.0
MLP K=4,1,simulated,1.5,1.1028832646293458,False,1.180611667521136,True,1.0,3.0
MLP K=4,1,simulated,1.5,0.7273374784226326,False,1.0,True,1.0,3.0
MLP K=4,1,simulated,2.0,1.5791974779202118,False,1.9961656543779966,True,1.0,3.0
MLP K=4,1,simulated,2.0,1.6530392411202726,False,2.084470021128829,True,1.0,3.0
MLP K=4,1,simulated,2.0,1.6088660314255068,False,2.0341916972407637,True,1.0,3.0
MLP K=4,1,simulated,2.5,2.079771570400907,False,2.577265729732744,True,1.0,3.0
MLP K=4,1,simulated,2.5,2.0793808609196693,False,2.577676187128435,True,1.0,3.0
MLP K=4,1,simulated,2.5,2.086140155983369,False,2.585393434353818,True,1.0,3.0
MLP K=4,1,simulated,2.8,2.413162267349143,False,2.962489955602364,True,1.0,3.0
MLP K=4,1,simulated,2.8,2.437492192202421,False,2.9913838845267944,True,1.0,3.0
MLP K=4,1,simulated,2.8,2.4208577133834845,False,2.9725059079152034,True,1.0,3.0
MLP K=4,1,observed,2.5,1.4322986016368027,False,1.745958472562043,True,1.0,3.0
MLP K=4,2,simulated,1.5,nan,True,1.0,False,1.0,3.0
MLP K=4,2,simulated,1.5,nan,True,1.0,False,1.0,3.0
MLP K=4,2,simulated,1.5,nan,True,1.0,False,1.0,3.0
MLP K=4,2,simulated,2.0,nan,True,1.0,False,1.0,3.0
MLP K=4,2,simulated,2.0,nan,True,1.0,False,1.0,3.0
MLP K=4,2,simulated,2.0,nan,True,1.0,False,1.0,3.0
MLP K=4,2,simulated,2.5,nan,True,1.0,False,1.0,3.0
MLP K=4,2,simulated,2.5,nan,True,1.0,False,1.0,3.0
MLP K=4,2,simulated,2.5,nan,True,1.0,False,1.0,3.0
MLP K=4,2,simulated,2.8,nan,True,1.0,False,1.0,3.0
MLP K=4,2,simulated,2.8,nan,True,1.0,False,1.0,3.0
MLP K=4,2,simulated,2.8,nan,True,1.0,False,1.0,3.0
MLP K=4,2,observed,2.5,nan,True,1.0,False,1.0,3.0
MLP K=4,3,simulated,1.5,nan,True,3.0,False,1.0,3.0
MLP K=4,3,simulated,1.5,nan,True,3.0,False,1.0,3.0
MLP K=4,3,simulated,1.5,nan,True,3.0,False,1.0,3.0
MLP K=4,3,simulated,2.0,nan,True,3.0,False,1.0,3.0
MLP K=4,3,simulated,2.0,nan,True,3.0,False,1.0,3.0
MLP K=4,3,simulated,2.0,nan,True,3.0,False,1.0,3.0
MLP K=4,3,simulated,2.5,nan,True,3.0,False,1.0,3.0
MLP K=4,3,simulated,2.5,nan,True,3.0,False,1.0,3.0
MLP K=4,3,simulated,2.5,nan,True,3.0,False,1.0,3.0
MLP K=4,3,simulated,2.8,nan,True,3.0,False,1.0,3.0
MLP K=4,3,simulated,2.8,nan,True,3.0,False,1.0,3.0
MLP K=4,3,simulated,2.8,nan,True,3.0,False,1.0,3.0
MLP K=4,3,observed,2.5,nan,True,3.0,False,1.0,3.0
MLP K=4,4,simulated,1.5,nan,True,1.0,False,1.0,3.0
MLP K=4,4,simulated,1.5,nan,True,1.0,False,1.0,3.0
MLP K=4,4,simulated,1.5,nan,True,1.0,False,1.0,3.0
MLP K=4,4,simulated,2.0,nan,True,1.0,False,1.0,3.0
MLP K=4,4,simulated,2.0,nan,True,3.0,False,1.0,3.0
MLP K=4,4,simulated,2.0,nan,True,1.0,False,1.0,3.0
MLP K=4,4,simulated,2.5,nan,True,3.0,False,1.0,3.0
MLP K=4,4,simulated,2.5,nan,True,3.0,False,1.0,3.0
MLP K=4,4,simulated,2.5,nan,True,3.0,False,1.0,3.0
MLP K=4,4,simulated,2.8,nan,True,3.0,False,1.0,3.0
MLP K=4,4,simulated,2.8,nan,True,3.0,False,1.0,3.0
MLP K=4,4,simulated,2.8,nan,True,3.0,False,1.0,3.0
MLP K=4,4,observed,2.5,nan,True,1.0,False,1.0,3.0
MLP K=4,5,simulated,1.5,nan,True,1.0,False,1.0,3.0
MLP K=4,5,simulated,1.5,nan,True,1.0,False,1.0,3.0
MLP K=4,5,simulated,1.5,nan,True,1.0,False,1.0,3.0
MLP K=4,5,simulated,2.0,nan,True,3.0,False,1.0,3.0
MLP K=4,5,simulated,2.0,nan,True,3.0,False,1.0,3.0
MLP K=4,5,simulated,2.0,nan,True,3.0,False,1.0,3.0
MLP K=4,5,simulated,2.5,nan,True,3.0,False,1.0,3.0
MLP K=4,5,simulated,2.5,nan,True,3.0,False,1.0,3.0
MLP K=4,5,simulated,2.5,nan,True,3.0,False,1.0,3.0
MLP K=4,5,simulated,2.8,nan,True,3.0,False,1.0,3.0
MLP K=4,5,simulated,2.8,nan,True,3.0,False,1.0,3.0
MLP K=4,5,simulated,2.8,nan,True,3.0,False,1.0,3.0
MLP K=4,5,observed,2.5,nan,True,1.0,False,1.0,3.0
MLP K=4,6,simulated,1.5,nan,True,1.0,False,1.0,3.0
MLP K=4,6,simulated,1.5,nan,True,1.0,False,1.0,3.0
MLP K=4,6,simulated,1.5,nan,True,1.0,False,1.0,3.0
MLP K=4,6,simulated,2.0,nan,True,1.0,False,1.0,3.0
MLP K=4,6,simulated,2.0,nan,True,1.0,False,1.0,3.0
MLP K=4,6,simulated,2.0,nan,True,1.0,False,1.0,3.0
MLP K=4,6,simulated,2.5,nan,True,1.0,False,1.0,3.0
MLP K=4,6,simulated,2.5,nan,True,1.0,False,1.0,3.0
MLP K=4,6,simulated,2.5,nan,True,1.0,False,1.0,3.0
MLP K=4,6,simulated,2.8,nan,True,3.0,False,1.0,3.0
MLP K=4,6,simulated,2.8,nan,True,3.0,False,1.0,3.0
MLP K=4,6,simulated,2.8,nan,True,3.0,False,1.0,3.0
MLP K=4,6,observed,2.5,nan,True,1.0,False,1.0,3.0
MLP K=4,7,simulated,1.5,nan,True,1.0,False,1.0,3.0
MLP K=4,7,simulated,1.5,nan,True,1.0,False,1.0,3.0
MLP K=4,7,simulated,1.5,nan,True,1.0,False,1.0,3.0
MLP K=4,7,simulated,2.0,nan,True,1.0,False,1.0,3.0
MLP K=4,7,simulated,2.0,nan,True,1.0,False,1.0,3.0
MLP K=4,7,simulated,2.0,nan,True,1.0,False,1.0,3.0
MLP K=4,7,simulated,2.5,nan,True,1.0,False,1.0,3.0
MLP K=4,7,simulated,2.5,nan,True,1.0,False,1.0,3.0
MLP K=4,7,simulated,2.5,nan,True,1.0,False,1.0,3.0
MLP K=4,7,simulated,2.8,nan,True,1.0,False,1.0,3.0
MLP K=4,7,simulated,2.8,nan,True,1.0,False,1.0,3.0
MLP K=4,7,simulated,2.8,nan,True,1.0,False,1.0,3.0
MLP K=4,7,observed,2.5,nan,True,1.0,False,1.0,3.0
MLP K=8,0,simulated,1.5,nan,True,1.0,False,1.0,3.0
MLP K=8,0,simulated,1.5,nan,True,1.0,False,1.0,3.0
MLP K=8,0,simulated,1.5,nan,True,1.0,False,1.0,3.0
MLP K=8,0,simulated,2.0,nan,True,1.0,False,1.0,3.0
MLP K=8,0,simulated,2.0,nan,True,1.0,False,1.0,3.0
MLP K=8,0,simulated,2.0,nan,True,1.0,False,1.0,3.0
MLP K=8,0,simulated,2.5,nan,True,3.0,False,1.0,3.0
MLP K=8,0,simulated,2.5,nan,True,3.0,False,1.0,3.0
MLP K=8,0,simulated,2.5,nan,True,3.0,False,1.0,3.0
MLP K=8,0,simulated,2.8,nan,True,3.0,False,1.0,3.0
MLP K=8,0,simulated,2.8,nan,True,3.0,False,1.0,3.0
MLP K=8,0,simulated,2.8,nan,True,3.0,False,1.0,3.0
MLP K=8,0,observed,2.5,nan,True,1.0,False,1.0,3.0
