grid,dataset,truth_mu,K,recovered_mu,bias,spread,monotonic_anchor_rate
L,simulated,0.4,1,0.6314,0.2314,0.6471,0.625
L,simulated,0.8,1,0.7535,-0.0465,0.6376,0.625
L,simulated,1.3,1,1.2137,-0.0863,0.7274,0.625
L,simulated,1.8,1,1.5249,-0.2751,0.8295,0.625
L,observed,0.4,1,0.9147,0.5147,0.8089,0.625
L,simulated,0.4,2,0.5926,0.1926,0.6521,0.125
L,simulated,0.8,2,0.8635,0.0635,0.8375,0.125
L,simulated,1.3,2,1.1882,-0.1118,0.9076,0.125
L,simulated,1.8,2,1.2564,-0.5436,0.9191,0.125
L,observed,0.4,2,0.6126,0.2126,0.6476,0.125
L,simulated,0.4,4,1.0328,0.6328,0.9149,0.5
L,simulated,0.8,4,1.1385,0.3385,0.8554,0.5
L,simulated,1.3,4,1.5643,0.2643,0.6611,0.5
L,simulated,1.8,4,2.07,0.27,0.2373,0.5
L,observed,0.4,4,0.8,0.4,0.866,0.5
L,simulated,0.4,8,0.3253,-0.0747,0.0416,0.875
L,simulated,0.8,8,0.6215,-0.1785,0.5125,0.875
L,simulated,1.3,8,1.4786,0.1786,0.3586,0.875
L,simulated,1.8,8,1.9342,0.1342,0.222,0.875
L,observed,0.4,8,0.3,-0.1,0.0,0.875
H,simulated,1.5,1,1.7253,0.2253,0.7772,0.5
H,simulated,2.0,1,2.051,0.051,0.7281,0.5
H,simulated,2.5,1,2.243,-0.257,0.7616,0.5
H,simulated,2.8,1,2.4346,-0.3654,0.8352,0.5
H,observed,2.5,1,1.7791,-0.7209,0.7469,0.5
H,simulated,1.5,2,1.0855,-0.4145,0.2288,0.125
H,simulated,2.0,2,1.154,-0.846,0.4,0.125
H,simulated,2.5,2,1.2133,-1.2867,0.5384,0.125
H,simulated,2.8,2,1.6343,-1.1657,0.8082,0.125
H,observed,2.5,2,1.0242,-1.4758,0.064,0.125
H,simulated,1.5,4,1.3727,-0.1273,0.6476,0.375
H,simulated,2.0,4,1.8837,-0.1163,0.7835,0.375
H,simulated,2.5,4,2.1187,-0.3813,0.8857,0.375
H,simulated,2.8,4,2.9882,0.1882,0.0334,0.375
H,observed,2.5,4,1.4359,-1.0641,0.6448,0.375
H,simulated,1.5,8,1.1179,-0.3821,0.2049,0.375
H,simulated,2.0,8,1.8743,-0.1257,0.7815,0.375
H,simulated,2.5,8,2.1695,-0.3305,0.8462,0.375
H,simulated,2.8,8,2.9857,0.1857,0.0324,0.375
H,observed,2.5,8,1.1762,-1.3238,0.2335,0.375
